temperature,vibration,pressure,runtime_hours,machine_age,load_percentage,risk
86.56,0.71,2.93,3425.84,11.18,74.14,Medium
50.65,4.09,1.21,3357.71,7.83,22.12,Low
91.54,6.46,3.94,6793.21,4.53,89.54,Medium
90.38,3.39,2.09,14362.47,5.38,27.42,Medium
68.33,3.42,2.85,747.41,7.16,29.99,Low
50.12,2.99,5.4,13293.23,5.74,35.38,Low
47.98,2.44,3.03,1288.9,3.88,28.08,Low
74.47,7.59,2.14,5393.53,10.22,76.15,Medium
84.59,1.95,6.1,2534.7,6.0,99.16,Medium
59.27,3.26,6.38,933.48,12.42,84.4,Medium
62.4,2.29,7.6,13157.88,5.06,72.44,Medium
102.5,5.96,2.0,2180.49,11.3,63.12,High
72.85,5.46,3.53,14960.15,2.51,59.48,Low
100.97,1.8,2.12,10239.17,9.15,50.78,Medium
109.75,5.0,7.8,12925.62,0.67,77.66,High
93.81,7.03,3.38,4473.15,2.79,20.26,Medium
108.17,6.98,4.55,1685.52,9.57,87.33,High
84.58,1.8,6.34,8136.75,11.79,62.43,Medium
83.93,4.65,1.78,5508.41,14.79,84.54,High
48.77,7.96,7.63,1376.24,7.55,25.54,Medium
94.78,1.59,4.33,8292.07,4.34,89.79,Medium
107.68,8.4,6.29,10379.03,10.84,51.92,High
73.48,4.9,1.85,3447.99,5.4,67.06,Low
83.25,0.56,5.95,977.22,1.48,22.51,Low
49.61,2.52,5.68,3292.13,2.42,94.84,Medium
82.45,2.57,4.31,6165.19,1.87,72.72,Low
72.53,4.47,6.1,10133.13,14.77,27.87,Medium
92.33,7.31,1.76,2954.69,8.28,31.21,High
63.11,2.62,7.46,6702.65,12.99,64.03,Low
87.39,5.09,1.1,1489.62,11.43,38.91,Medium
76.57,2.32,3.81,973.67,6.0,98.82,Low
105.22,7.17,3.0,10479.21,11.09,82.67,High
55.06,3.02,7.78,8729.79,8.36,79.84,Medium
48.26,4.55,7.44,8013.78,1.32,60.63,Medium
49.45,1.08,7.03,6116.26,14.15,65.57,Medium
83.64,5.76,3.93,8796.72,8.08,94.78,Medium
88.53,3.17,2.86,2050.09,9.86,56.58,Low
45.61,5.78,4.94,1589.72,8.3,60.47,Low
105.66,7.99,7.15,5605.95,2.79,86.7,High
84.76,8.89,5.58,216.56,12.35,43.95,Medium
106.03,1.64,1.81,1694.84,8.52,41.79,Medium
58.69,3.41,5.81,12808.4,7.83,40.09,Low
51.0,4.1,2.94,152.83,11.68,70.97,Low
55.5,4.26,5.94,8457.51,2.12,95.6,Medium
80.46,7.59,5.08,2306.6,2.35,44.66,Low
103.43,2.29,2.75,1631.62,11.81,90.73,Medium
108.3,6.87,7.48,3627.39,2.86,83.99,High
102.29,0.71,6.16,5049.56,14.0,84.18,Medium
62.34,7.19,1.76,13095.29,12.95,37.79,High
67.73,7.47,7.1,3421.56,10.07,51.88,Medium
101.18,8.72,2.95,9658.08,6.3,98.49,High
66.52,0.73,7.14,3992.11,8.92,98.68,Medium
52.05,4.19,6.1,4773.79,9.29,60.91,Low
103.47,2.12,1.31,6597.26,8.04,84.52,Medium
68.67,1.09,5.65,5019.98,5.05,87.84,Low
77.96,6.17,3.28,10488.41,8.54,35.35,Low
89.03,8.17,5.31,4584.15,8.45,20.03,Medium
58.66,7.18,5.25,4901.51,6.91,74.05,Medium
75.76,8.16,6.57,2628.4,1.73,61.24,Medium
66.79,7.46,6.26,10124.66,3.76,35.93,Low
48.0,8.86,5.28,11550.49,7.1,90.89,High
57.64,6.42,4.46,3735.37,10.01,20.44,Low
95.6,2.36,6.63,10469.09,7.24,64.59,Medium
74.67,7.31,5.67,14819.6,9.13,96.0,High
84.82,6.61,4.53,12475.48,8.44,91.78,High
74.25,6.89,6.88,4231.94,11.78,58.77,Medium
62.85,1.16,3.0,4148.56,5.14,63.21,Low
54.8,3.76,2.07,3287.9,6.52,46.47,Low
72.03,2.26,3.94,13582.09,8.97,75.64,Medium
69.72,0.55,3.46,11326.78,12.87,96.27,Medium
79.98,6.74,6.6,13477.39,7.58,41.83,High
46.89,3.36,5.75,6124.32,2.89,57.39,Low
108.75,5.04,7.35,8919.2,10.11,26.72,High
53.82,4.42,1.35,5748.65,3.57,46.15,Low
63.09,8.59,3.95,12540.17,7.32,79.92,Medium
109.99,3.47,5.55,11740.37,9.95,80.34,High
57.96,0.67,2.07,1980.69,10.21,65.12,Low
75.23,2.68,3.58,9127.8,14.47,77.47,Medium
107.71,1.42,1.18,4748.16,10.32,96.65,High
106.2,2.19,5.14,12475.52,4.02,75.78,Medium
100.27,5.6,1.85,14759.28,11.85,47.78,High
88.0,1.09,5.53,288.52,6.59,59.22,Low
107.45,5.9,6.8,10638.9,6.81,78.7,High
85.03,8.32,6.42,7026.62,12.47,67.4,Medium
100.36,7.56,1.61,13236.3,4.04,57.18,High
88.43,3.36,4.46,4942.71,7.57,48.39,Low
67.12,7.98,5.91,4216.4,0.65,95.85,Medium
60.69,3.95,4.89,3680.83,7.4,76.95,Low
96.54,1.29,2.55,10407.63,4.94,66.52,Low
80.98,3.42,7.98,8300.79,5.6,56.3,Medium
61.34,1.53,2.35,1881.37,8.27,80.98,Low
57.45,6.78,2.94,8884.84,11.52,67.74,Medium
99.12,3.02,3.53,4603.79,10.77,30.13,Low
108.33,5.2,5.88,1981.56,13.09,59.27,Medium
82.31,4.49,4.08,2847.02,1.24,95.29,Low
52.42,1.06,4.44,8697.62,10.45,32.14,Medium
106.69,1.22,2.74,8415.29,6.53,67.69,Medium
59.67,4.94,4.15,6696.54,12.97,99.2,Medium
81.96,1.01,7.72,1578.58,11.56,70.04,Medium
87.93,1.83,2.22,1218.47,0.54,56.04,Low
75.54,0.78,3.02,4312.5,12.96,25.69,Low
105.05,7.2,5.38,9951.63,14.04,54.01,High
59.61,1.77,2.86,2219.32,1.36,83.41,Low
93.68,5.34,3.02,1952.87,10.49,75.98,Medium
77.53,4.7,1.56,693.93,6.76,45.79,Medium
46.68,2.45,5.72,12921.7,9.01,21.66,Medium
82.46,6.99,2.23,7832.56,6.91,42.25,High
73.33,7.42,7.78,7103.15,6.42,45.68,Medium
100.75,3.3,5.86,4394.45,14.21,85.09,High
47.39,1.25,2.77,1827.23,11.7,89.19,Low
87.75,5.11,3.89,2894.98,5.75,80.52,Low
94.4,2.23,4.84,13922.32,6.85,75.86,Medium
46.88,5.86,6.6,10675.76,5.01,21.09,Medium
51.06,8.93,7.39,6975.57,2.2,86.57,Medium
105.62,2.98,5.94,6290.81,7.5,57.78,Medium
80.83,3.76,7.45,7672.79,13.25,89.12,High
95.22,7.76,3.38,11836.99,4.37,20.21,Medium
99.44,5.43,5.62,12992.38,6.97,58.75,High
80.87,5.12,4.19,4894.48,3.24,75.8,Medium
69.89,7.78,3.88,4840.83,7.36,93.07,Medium
70.1,6.14,6.75,14714.19,7.68,22.96,High
107.75,3.32,1.7,12691.09,1.95,92.84,High
91.96,3.98,5.58,2399.98,7.31,97.54,Medium
85.51,3.88,1.56,4995.63,10.28,62.69,Medium
85.74,8.04,4.42,8161.14,9.45,38.78,Medium
109.83,6.85,4.04,1566.8,9.69,89.81,High
55.81,3.05,1.2,4933.18,1.31,48.68,Low
54.46,5.01,4.96,11908.54,2.96,26.32,Low
85.28,2.55,7.39,2232.45,7.19,40.32,Medium
88.34,8.14,4.26,4385.71,8.43,25.91,Medium
109.2,3.04,7.73,10385.67,7.12,44.17,Medium
100.47,1.41,3.67,5448.49,4.79,75.94,Low
108.57,6.09,2.92,8532.34,10.44,79.57,Medium
104.19,6.83,6.83,13553.73,11.75,38.41,High
59.24,2.12,2.75,11358.1,11.63,74.47,Medium
85.84,8.18,5.52,4703.1,6.89,66.37,Medium
50.86,3.01,6.23,2717.04,2.42,63.15,Low
79.51,8.26,6.81,3928.85,12.46,58.55,High
93.53,3.38,1.81,14447.11,2.54,97.32,High
107.87,7.34,3.56,11881.16,0.7,62.93,Medium
68.96,6.87,2.84,5777.28,9.76,49.72,Low
75.65,5.77,7.6,4987.29,9.35,71.81,Medium
104.11,3.07,3.86,2182.68,14.22,44.35,Medium
52.55,2.5,4.76,5890.82,5.88,95.95,Low
72.24,6.81,2.08,6281.78,1.94,59.15,Low
106.04,2.88,5.83,3337.32,6.95,38.89,Medium
51.46,6.33,4.81,14669.85,5.7,51.85,Low
107.93,8.57,6.77,1465.93,3.58,71.16,Medium
48.29,3.33,7.92,11825.97,3.48,86.39,Medium
58.47,2.34,7.09,4995.54,2.64,92.04,Low
63.02,8.86,7.91,8149.21,12.08,28.79,Medium
53.57,3.55,6.52,8873.91,0.73,41.23,Low
93.21,4.97,6.22,7196.06,11.78,61.06,Medium
74.38,2.38,5.31,10935.92,13.68,72.71,Medium
74.77,8.69,1.43,7236.83,6.32,74.89,Medium
91.31,4.27,7.29,4899.47,2.65,30.1,Medium
86.15,5.16,3.28,14919.95,8.19,56.3,Medium
72.96,7.24,1.8,9855.22,13.23,64.11,Medium
72.95,8.05,3.9,12428.55,6.28,78.37,Medium
72.74,6.15,3.62,2374.32,13.88,25.37,Low
51.06,1.32,6.17,12195.36,8.57,66.92,Medium
81.51,6.2,3.88,13116.75,14.15,53.83,Medium
107.95,5.6,3.46,8710.99,3.58,72.54,Medium
100.07,3.48,4.89,1811.79,4.54,38.09,Low
99.94,8.78,6.73,9242.24,9.82,22.1,High
46.88,2.82,6.34,13830.91,5.59,34.51,Low
81.81,3.91,1.99,9534.26,0.94,79.69,Medium
69.45,4.36,2.1,4743.4,5.2,95.31,Medium
50.52,0.95,2.1,9305.79,10.27,41.77,Medium
76.57,4.26,2.91,11348.65,2.15,54.39,Low
89.08,5.54,4.69,4695.45,3.7,98.76,Low
45.5,3.06,2.48,2144.8,4.21,46.25,Low
77.33,4.16,1.9,8035.48,3.84,64.7,Low
49.68,7.82,1.3,379.25,13.86,88.97,High
72.9,3.94,5.48,4413.78,6.37,97.3,Low
97.09,5.75,6.82,13804.57,1.78,87.56,High
73.32,3.9,1.55,13070.81,11.31,37.73,Medium
49.96,5.88,4.71,2989.17,11.76,48.09,Low
60.36,1.74,2.38,9075.74,11.52,72.44,Medium
106.83,5.84,4.25,8499.66,8.9,74.49,High
86.79,8.89,3.26,14567.5,5.08,55.18,Medium
73.74,3.07,2.92,936.96,7.86,44.83,Low
47.44,3.63,3.01,9705.53,14.67,27.22,Medium
77.96,4.43,4.88,11898.09,13.49,55.98,Medium
87.37,3.23,4.33,2347.83,1.4,28.28,Low
108.86,1.22,5.52,683.22,10.76,99.28,High
78.98,1.85,3.61,4315.11,6.43,47.07,Low
48.4,5.86,3.34,5012.39,8.59,50.93,Low
92.04,6.08,7.34,13111.87,5.33,66.62,High
104.59,3.14,5.59,9965.81,2.37,76.71,Medium
65.12,3.7,6.54,12216.45,10.22,86.32,High
51.07,6.2,4.56,371.64,4.98,96.09,Low
106.6,4.63,2.59,2149.72,1.62,87.55,Low
78.0,5.09,6.17,7945.32,10.1,90.11,High
53.52,3.7,2.14,12487.04,11.68,84.72,Medium
91.88,0.87,3.55,10821.83,14.56,68.85,Medium
60.21,2.53,7.76,11787.12,13.61,35.52,High
108.99,4.42,2.97,5789.9,8.15,97.3,Medium
97.08,1.68,2.75,9653.57,13.17,64.36,Medium
91.24,4.89,1.87,1349.74,2.82,55.95,Medium
54.58,4.22,7.62,3408.37,7.04,47.97,Low
71.97,3.87,3.62,5853.88,1.68,37.96,Low
105.5,7.63,5.55,11891.57,2.5,42.95,High
90.24,1.68,5.94,6784.16,0.58,26.34,Low
59.02,1.77,7.58,9172.31,6.64,82.09,Medium
64.57,0.91,3.94,11929.1,7.13,28.87,Low
83.79,0.64,4.61,3704.88,2.58,54.34,Low
67.93,5.35,2.31,10056.4,8.09,48.85,Medium
80.37,7.18,4.55,402.98,13.16,23.48,Medium
108.77,2.66,1.11,11848.95,5.5,78.64,Medium
95.15,6.75,3.33,760.6,8.42,85.08,Medium
98.97,6.32,7.87,7230.11,3.14,30.79,Medium
47.4,2.21,6.54,13298.28,5.08,44.81,Medium
109.29,5.12,2.77,11324.03,3.27,48.56,Medium
101.28,3.32,1.87,5583.49,13.4,79.46,Medium
67.04,2.09,5.84,5573.47,12.06,41.34,Low
92.26,1.17,5.22,12352.89,8.41,45.7,Medium
66.31,3.01,4.12,10793.18,2.92,55.51,Low
47.75,7.9,3.47,14972.44,4.48,98.4,Medium
49.88,5.92,3.54,12036.33,10.35,96.22,High
100.16,6.26,4.07,1980.83,3.92,71.61,Low
69.89,5.32,5.24,10218.02,14.26,49.76,Low
82.3,5.0,3.79,9778.45,4.12,29.08,Low
77.44,3.79,4.93,4000.47,4.27,55.7,Low
63.56,8.29,4.44,1927.3,12.87,56.16,Medium
109.82,7.39,7.77,14799.96,10.18,76.76,High
80.24,8.08,6.96,10705.96,13.95,71.02,High
78.07,1.53,2.41,2169.27,11.96,22.1,Medium
82.2,4.47,7.88,2033.59,13.32,25.26,Medium
109.97,6.61,4.68,11560.55,12.44,25.9,High
86.75,4.32,5.76,5233.27,13.23,82.42,Medium
56.83,8.71,4.03,13669.61,1.3,29.93,Medium
64.77,1.88,7.54,3459.51,14.24,61.51,Medium
99.99,2.63,5.45,8307.54,2.31,44.23,Medium
51.07,5.95,5.14,8751.63,2.98,69.96,Low
66.95,8.35,1.29,12970.34,1.68,95.88,High
62.2,2.29,5.0,9309.82,0.94,91.12,Medium
63.83,8.63,4.38,12089.85,10.43,43.79,Medium
89.76,1.84,3.91,7020.19,5.43,31.49,Low
92.72,7.82,7.83,2048.42,5.87,64.93,Medium
60.71,1.54,4.15,2199.08,1.23,95.63,Low
72.18,8.68,7.32,12220.82,14.04,77.69,High
94.6,4.74,4.6,7531.52,4.97,21.85,Medium
77.85,8.72,2.51,5358.14,1.23,59.59,Low
63.57,0.57,1.75,2095.63,4.33,49.26,Low
68.79,3.9,4.99,3000.36,8.52,25.88,Low
74.27,5.17,6.78,9386.3,9.36,30.29,Medium
70.6,7.26,3.37,14090.33,11.45,35.92,High
71.09,0.84,1.27,10732.52,12.16,61.55,Medium
84.41,4.88,3.3,9234.72,2.86,99.25,Medium
83.59,4.81,4.57,7398.72,8.66,57.99,Low
68.94,6.23,7.86,8797.16,12.05,78.03,Medium
83.8,2.76,5.59,14583.65,8.89,38.2,Medium
82.93,1.95,5.4,9334.06,12.7,31.82,Medium
47.05,8.56,1.77,382.17,5.05,32.11,Medium
71.67,7.09,7.44,13104.98,11.17,24.98,High
78.71,5.27,7.99,7227.73,5.96,96.53,Medium
104.29,3.41,3.48,11602.65,10.95,71.46,Medium
84.65,2.13,2.73,8415.49,3.76,97.83,Medium
95.13,6.49,5.83,7386.15,7.46,64.84,Medium
63.71,5.37,4.8,13446.83,6.22,47.61,Medium
63.88,2.94,6.0,5260.82,6.91,40.52,Low
58.91,7.54,2.9,8474.07,4.44,28.74,Medium
60.55,0.93,7.34,3462.51,3.88,28.02,Low
91.63,1.35,6.4,177.2,8.48,94.33,Medium
87.44,7.99,4.33,9793.03,11.46,42.98,Medium
86.98,8.22,1.63,8654.59,8.26,77.85,High
104.36,1.99,7.18,2719.25,13.83,99.77,High
96.22,2.08,6.24,13097.13,4.7,23.0,Medium
81.92,1.41,7.88,4339.97,14.84,63.46,Medium
102.8,1.64,4.53,4165.27,12.23,46.45,Medium
87.14,6.61,1.1,5122.97,4.78,73.95,Medium
56.41,7.78,7.28,12422.15,7.97,26.94,Medium
57.01,1.7,3.27,3795.9,4.28,38.84,Low
107.01,3.07,6.06,270.39,9.98,75.42,Medium
88.41,4.46,2.12,10322.5,13.89,91.02,High
89.87,5.93,7.58,5576.4,3.7,96.59,Medium
54.96,6.86,5.24,6296.1,8.46,57.67,Medium
97.13,7.52,6.33,10237.09,9.14,82.99,High
74.04,6.48,1.55,8506.11,1.4,63.81,Medium
58.14,5.06,2.15,12831.84,6.91,74.42,High
76.77,8.14,4.12,928.97,2.41,53.23,Low
48.75,4.43,6.65,10876.87,6.24,85.32,Medium
82.59,0.88,3.41,1050.02,14.91,94.77,Medium
109.1,4.51,3.01,2781.72,2.46,71.32,Low
69.34,8.08,4.14,13765.01,5.97,26.42,Medium
53.64,7.81,1.83,14893.42,6.2,30.19,Medium
99.26,6.93,7.85,6998.76,10.93,53.93,High
98.52,2.6,3.42,4207.18,14.09,78.0,Medium
47.09,6.11,5.3,14049.95,13.39,39.25,Medium
51.56,0.79,5.18,10578.97,1.21,79.24,Low
73.53,5.09,6.28,11663.35,2.53,99.48,Medium
98.03,6.72,3.23,9008.97,10.25,45.65,High
101.96,8.88,4.65,6262.05,4.49,64.54,Medium
102.18,8.25,5.38,6465.29,7.69,97.78,High
96.08,3.21,3.91,2323.34,5.96,80.35,Low
60.66,2.42,7.0,2250.84,7.21,24.61,Low
107.91,5.24,1.94,3718.59,3.45,71.74,Medium
100.06,1.29,6.07,2938.18,4.39,73.89,Medium
47.57,1.12,6.63,8855.0,10.24,37.36,Medium
101.52,3.33,7.7,328.47,14.09,96.97,High
93.55,6.91,7.4,10464.83,10.7,51.73,High
80.89,7.09,3.66,8051.39,5.71,40.92,Medium
102.38,4.46,6.62,10863.96,11.54,45.62,High
69.1,4.02,4.94,3396.98,2.62,40.86,Low
82.64,4.05,2.07,5014.99,6.01,86.67,Medium
80.79,8.52,3.36,11474.07,7.59,77.88,High
74.95,6.73,3.47,2185.38,8.42,34.72,Medium
109.37,8.64,4.67,12602.12,1.58,85.44,Medium
94.68,4.01,6.9,3548.36,10.75,20.73,High
74.64,1.01,5.46,14015.17,13.73,72.74,Medium
45.43,5.19,1.08,7988.32,4.48,98.2,Medium
77.64,6.43,4.01,14101.71,3.1,93.44,Medium
54.68,2.13,4.69,12246.69,4.38,51.75,Low
107.35,4.4,2.7,10488.82,4.85,86.24,Low
87.49,7.79,6.32,1493.16,6.0,64.22,Low
86.39,6.47,1.58,12695.41,9.85,46.5,Medium
103.16,8.31,2.61,13528.97,10.54,65.34,High
48.03,1.13,7.48,13499.74,8.67,22.63,Medium
46.02,2.26,2.01,12328.29,12.4,94.31,High
55.56,2.54,6.84,5898.43,13.5,46.54,Medium
96.38,6.36,1.55,11207.3,5.51,27.81,High
99.51,3.4,6.38,14327.39,6.25,81.88,Medium
86.22,7.16,4.15,3499.26,8.52,50.03,Medium
89.18,6.12,1.6,9317.38,12.07,77.05,High
62.42,3.73,6.49,2398.73,6.15,48.86,Low
45.34,3.12,3.52,4119.52,2.42,34.99,Low
81.2,4.86,1.72,1435.32,8.54,67.75,Medium
101.14,0.6,3.9,11709.62,11.01,64.76,Medium
82.18,1.94,3.67,2168.72,4.87,59.45,Low
55.87,2.85,3.1,11761.73,5.74,95.54,Medium
83.6,2.16,1.75,4639.4,14.26,46.58,Medium
69.69,7.83,4.08,6516.18,12.44,72.08,Medium
53.85,3.23,7.63,3092.69,5.06,97.17,Medium
63.94,6.41,4.44,8680.6,4.02,50.08,Low
68.73,8.42,2.4,14959.25,3.11,81.41,Medium
106.95,4.42,5.96,6632.98,4.72,75.43,Medium
88.74,1.68,3.12,3864.96,2.74,53.85,Low
49.81,8.92,4.35,6072.0,7.85,93.63,Medium
80.34,7.22,3.52,13442.97,8.29,71.05,Medium
52.11,2.61,5.65,2578.44,9.38,65.06,Low
107.84,3.32,6.57,1678.57,1.93,37.76,Medium
81.27,6.35,2.55,5674.38,7.21,74.36,Medium
54.8,8.98,4.38,4501.94,13.85,26.87,Medium
67.64,3.42,6.49,7864.61,5.55,27.81,Low
65.73,3.05,6.67,1814.77,12.81,71.84,Medium
105.44,6.79,4.61,8323.46,5.3,54.11,Medium
60.07,3.94,2.29,9643.14,6.77,22.34,Medium
102.4,4.32,4.01,166.31,3.61,42.27,Low
82.53,7.3,4.76,5550.32,3.36,29.12,Low
79.3,5.93,5.18,9208.5,9.01,47.83,Medium
85.13,7.42,5.94,4531.93,9.41,26.78,Medium
65.36,2.53,1.82,5662.26,2.55,51.08,Low
53.96,3.76,2.3,9568.97,10.55,71.62,Low
81.07,4.66,1.98,4787.24,7.04,24.29,Medium
106.87,4.62,2.37,5820.77,8.64,72.25,Medium
89.51,4.03,6.88,7381.62,1.7,22.47,Low
63.99,2.84,4.76,2606.31,7.13,79.4,Low
80.73,1.46,1.8,11649.18,12.44,49.35,Medium
94.4,4.25,2.53,6434.8,11.17,72.29,Medium
64.35,8.99,4.15,5293.8,12.34,55.13,Low
95.42,2.51,6.67,8860.07,5.58,76.86,Medium
55.79,1.68,2.45,3183.45,1.36,48.07,Low
83.8,1.93,7.85,4460.26,8.8,96.19,High
109.06,6.27,1.67,14445.3,11.89,93.5,High
101.36,1.58,7.06,3820.19,10.82,86.28,High
76.81,5.41,2.88,6271.95,7.05,70.69,Low
71.19,6.87,5.86,13172.03,7.09,59.04,High
45.16,7.08,6.13,10990.89,7.15,73.13,Medium
100.26,7.26,3.78,14525.12,12.46,59.58,High
98.84,3.37,5.05,8535.52,7.54,47.5,Low
47.99,5.82,6.86,342.59,13.98,32.64,Medium
45.04,8.64,2.42,10360.02,2.41,72.0,Low
101.84,7.95,1.65,5470.49,1.7,73.16,High
48.37,5.82,6.08,11352.96,6.72,27.3,Medium
45.07,4.55,1.93,3470.24,10.36,20.74,Medium
98.11,8.9,3.96,2069.41,1.53,50.65,Low
51.71,3.62,3.09,5802.54,12.29,89.96,Medium
49.45,5.29,5.27,2545.34,5.59,37.04,Low
104.79,5.74,4.1,3336.95,13.5,31.2,Medium
83.32,3.76,7.74,4786.1,2.53,42.16,Low
61.13,5.61,6.05,4345.32,14.15,22.15,Medium
58.35,5.66,2.32,5937.09,9.87,82.7,Low
77.17,1.46,4.5,8949.55,8.16,98.22,Medium
105.71,1.62,7.03,8568.87,5.8,74.64,Medium
107.04,7.05,1.12,1106.24,4.3,23.19,Medium
106.66,3.88,3.01,10718.17,11.62,53.89,Medium
50.36,5.06,5.31,4234.27,4.99,60.9,Low
108.33,1.82,3.29,8837.91,11.57,71.99,Medium
65.16,4.22,7.67,3655.7,4.04,93.97,Low
74.47,5.68,3.17,11151.23,11.24,29.56,Medium
90.6,1.89,7.67,7892.78,11.85,77.66,High
69.17,6.87,7.11,11020.74,2.21,91.99,High
97.46,2.81,1.45,10713.62,8.86,26.17,Medium
78.2,0.97,7.02,2586.53,2.78,81.87,Medium
88.82,1.48,6.19,138.27,12.95,20.98,Low
75.66,3.76,2.05,13974.29,12.93,64.23,Medium
59.59,2.61,7.41,4867.03,12.48,65.72,Low
77.63,8.17,2.26,12084.64,14.73,96.33,High
102.0,7.86,6.41,4729.4,1.75,56.54,Medium
58.04,5.29,3.13,9378.49,7.23,67.34,Low
109.86,7.1,6.13,8243.73,12.04,32.05,High
46.55,5.1,5.45,10432.57,0.64,46.8,Low
100.19,6.68,1.73,7994.24,3.95,59.36,Medium
108.22,1.71,2.96,754.11,3.86,87.64,Low
90.56,3.67,7.82,1365.05,1.89,30.68,Medium
49.86,5.33,4.04,14466.85,3.93,40.88,Low
105.19,3.84,6.82,4961.15,7.06,38.69,Medium
53.85,7.05,1.76,1674.3,7.02,45.12,Medium
79.84,8.7,2.45,4693.79,4.34,29.59,Low
97.49,3.09,5.93,9089.21,3.62,88.53,Medium
50.93,2.61,3.49,7750.55,10.32,40.81,Low
47.02,3.94,4.17,11246.37,4.12,56.96,Low
52.89,1.02,6.47,3412.09,3.37,52.05,Low
82.85,2.7,6.69,424.82,1.43,92.2,Medium
97.6,1.28,6.93,12152.42,2.28,95.38,High
55.92,5.38,6.75,5985.48,0.93,74.66,Medium
68.01,8.22,2.92,6745.57,2.66,69.13,Low
60.98,3.01,3.88,8305.26,1.38,42.38,Low
72.25,5.96,6.58,3812.3,14.91,63.49,Medium
109.31,7.15,3.51,8213.32,7.53,93.01,High
65.9,2.8,1.18,8997.03,0.92,84.86,Medium
48.81,8.93,4.71,11525.95,14.99,97.92,High
61.11,2.55,4.74,11889.43,11.19,81.12,Medium
82.42,8.85,3.72,14034.57,14.88,33.9,High
83.51,7.35,5.88,13718.3,0.91,76.04,High
81.63,5.29,2.32,14821.29,13.28,59.38,Medium
56.41,0.82,1.39,9064.78,0.79,58.24,Low
104.66,2.21,1.91,10782.37,13.82,87.54,High
48.87,1.76,5.93,2210.62,2.11,62.1,Low
107.44,3.68,7.59,5994.37,1.96,44.14,Medium
108.43,6.72,4.06,9625.06,7.56,45.38,High
90.08,8.4,6.51,3426.23,9.04,34.03,High
92.71,3.0,2.24,126.79,10.68,65.83,Medium
47.1,5.62,7.45,14516.22,3.7,65.24,Medium
54.14,6.84,2.67,14737.46,2.93,90.83,Medium
98.41,6.2,6.11,5102.67,0.67,36.77,Low
67.78,7.19,6.04,817.4,6.85,53.57,Medium
102.5,4.69,3.65,8235.76,1.97,58.36,Medium
87.31,6.34,2.14,1198.27,12.76,43.59,Medium
61.97,1.39,3.39,13330.18,2.83,26.0,Low
66.97,8.87,7.25,10597.12,6.75,72.29,High
102.83,1.84,1.71,3162.7,3.25,75.78,Medium
62.24,2.89,2.66,839.57,8.79,87.19,Low
48.54,0.53,1.61,12376.07,9.56,58.43,Medium
46.67,1.95,3.04,1320.85,12.73,44.67,Low
75.61,8.11,2.86,9663.81,6.12,49.68,Medium
69.01,4.29,2.84,7029.36,3.78,41.48,Low
54.82,6.42,1.68,10055.3,12.22,53.12,High
59.79,1.02,3.71,7886.48,14.5,74.97,Medium
82.23,2.5,3.09,5982.59,12.88,22.78,Medium
103.53,7.3,5.74,9342.07,2.24,80.58,High
106.69,1.92,2.48,2971.62,1.12,26.27,Low
58.12,7.49,2.04,8966.21,5.14,78.17,Medium
50.66,5.23,4.86,12863.7,8.04,93.37,Medium
96.13,5.8,4.66,6351.95,6.51,31.86,Medium
82.87,8.7,1.7,1673.96,11.8,82.86,High
102.21,7.96,2.85,9856.34,8.79,57.84,Medium
62.9,1.72,5.26,10435.55,1.06,91.17,Low
89.88,0.92,4.33,4101.91,5.9,47.03,Low
65.21,7.66,7.01,10304.3,14.6,38.24,High
108.32,4.27,6.78,4114.36,6.54,71.64,Medium
73.71,8.26,3.85,7318.46,7.99,49.91,Low
78.49,1.85,3.18,7651.25,2.47,88.1,Medium
46.88,2.14,6.83,12570.95,4.12,56.52,Medium
90.8,2.83,6.76,7626.38,9.71,29.91,Medium
60.73,4.65,4.12,14411.75,7.38,64.11,Medium
55.63,8.1,6.24,10363.87,4.63,50.93,Medium
100.5,7.13,2.5,3398.13,3.76,36.54,Medium
78.36,7.85,7.77,10264.78,7.37,30.59,High
84.07,0.57,2.77,12095.77,4.93,97.36,Medium
72.55,3.7,3.44,3854.78,7.27,74.18,Low
70.81,1.37,4.58,9969.1,12.73,49.94,Medium
84.59,3.04,1.76,1051.17,14.83,71.25,Medium
61.97,6.54,7.25,4551.99,2.67,81.24,Medium
97.35,7.32,5.2,9941.9,10.37,77.7,High
109.84,2.71,3.93,5885.3,1.01,76.65,Medium
98.04,3.42,5.99,10326.14,9.76,58.06,Medium
77.98,7.69,6.88,13159.77,3.13,27.81,Medium
93.16,6.66,4.91,13698.11,14.23,91.97,High
59.45,2.4,7.1,6365.04,13.36,49.73,Medium
64.11,7.74,4.29,13009.26,8.96,95.54,Medium
75.69,2.15,1.84,10242.4,8.18,53.05,Low
53.93,2.2,3.86,8584.11,13.65,56.61,Low
101.06,2.03,1.57,5056.18,14.81,45.07,Medium
45.31,2.82,6.33,2612.23,11.59,59.17,Low
53.41,4.19,4.01,6492.48,7.42,20.37,Low
57.96,3.67,1.1,4900.98,12.58,35.25,Low
85.73,2.61,5.85,5230.81,2.37,50.68,Low
64.9,1.05,1.32,14232.1,7.11,61.62,Medium
66.96,8.05,7.97,5206.72,13.57,48.74,Medium
55.72,8.21,6.68,384.96,3.75,98.79,Medium
92.71,5.51,2.18,5562.21,9.93,22.99,Medium
95.13,5.8,5.16,814.61,2.07,86.89,Low
89.83,4.04,3.66,8254.51,7.38,32.25,Low
64.57,6.12,5.64,4122.66,9.28,30.97,Low
78.25,5.75,2.98,11792.92,7.72,68.72,Medium
99.05,8.77,3.51,6205.37,2.83,63.85,Medium
89.73,4.59,2.64,289.97,1.79,28.83,Low
88.49,1.77,1.63,7724.41,10.99,28.1,Medium
86.88,4.38,7.84,4035.46,1.23,85.05,Low
100.4,3.56,5.74,6447.33,2.18,88.1,Medium
45.63,1.68,5.53,4997.05,13.47,96.41,Medium
102.1,1.29,6.7,2824.75,6.31,96.98,High
99.32,6.36,4.35,6383.92,13.35,33.34,Medium
90.25,1.0,7.6,2474.99,6.53,67.26,Medium
89.1,2.04,3.66,5443.12,0.92,74.76,Low
76.4,4.65,7.21,6666.25,1.42,72.4,Low
90.8,6.26,6.37,8692.07,8.69,98.23,High
78.74,6.35,5.33,6549.43,11.04,58.55,Medium
54.66,7.52,7.24,9232.42,0.67,94.75,High
100.17,7.74,7.09,1215.49,7.63,39.27,High
48.27,2.39,5.5,6108.83,3.91,56.73,Low
74.13,7.78,4.13,1868.73,7.71,72.27,Low
71.22,0.8,4.84,12406.04,11.98,97.05,Medium
102.86,5.28,5.58,6897.5,5.44,86.02,Medium
99.88,3.32,6.37,9039.27,10.89,49.06,Medium
52.41,6.95,2.55,5186.22,12.53,97.15,Medium
80.6,3.68,1.74,13463.47,7.64,85.75,High
51.95,5.69,2.31,13960.22,6.2,56.56,Medium
91.59,1.42,3.9,13906.74,12.64,67.1,Medium
74.73,5.51,4.53,14461.44,0.56,78.9,Medium
105.8,7.63,4.38,7674.16,13.86,34.18,High
56.29,7.43,1.72,9897.07,9.29,45.75,Medium
72.21,5.68,5.85,3798.76,6.27,47.43,Low
74.43,1.63,3.89,10530.21,11.35,43.91,Medium
100.95,6.55,7.55,9525.49,3.41,69.93,High
89.63,8.33,1.93,10684.91,14.64,34.23,High
90.13,3.24,1.81,5348.34,7.47,65.65,Medium
88.83,8.1,4.74,13174.41,6.62,21.02,Medium
46.64,1.74,5.69,3078.55,11.38,32.87,Low
89.42,1.74,1.43,11786.93,3.46,63.29,Medium
97.91,1.37,7.08,11118.44,13.04,79.39,High
70.28,4.84,6.58,10472.31,10.55,23.76,Medium
70.19,8.63,7.83,4758.54,8.51,21.04,Medium
58.2,7.89,7.02,6701.65,3.77,70.7,Medium
94.08,5.15,5.22,11664.59,14.48,43.53,High
108.92,1.13,7.74,11052.68,2.23,23.25,Medium
81.18,1.61,5.09,3899.74,5.29,76.78,Low
47.6,8.39,5.18,11627.55,9.57,87.45,Medium
76.89,5.37,3.51,11782.07,5.11,37.6,Low
78.84,7.18,2.12,8191.89,6.35,47.95,Medium
88.12,3.31,3.06,14259.59,9.47,57.99,Medium
98.54,8.84,1.06,10067.18,6.96,92.36,High
104.71,2.57,1.28,13296.34,6.03,83.7,High
70.08,5.09,2.98,13678.91,12.42,50.0,Medium
73.96,0.87,7.29,2968.43,7.95,95.86,Medium
108.16,7.07,4.73,9441.3,3.56,70.36,Medium
101.22,4.11,1.73,8112.54,10.69,98.1,High
87.03,8.49,6.23,2390.94,7.16,46.54,Medium
49.76,2.01,2.76,1149.59,12.41,92.88,Medium
70.22,5.86,4.03,351.68,10.26,62.79,Medium
49.11,6.84,1.32,12738.94,5.69,60.23,Medium
96.15,3.06,1.61,11502.59,6.85,51.61,Medium
75.81,5.03,1.95,5925.79,12.06,63.66,Medium
64.37,8.04,7.76,13020.37,9.9,96.59,High
80.98,5.22,1.86,174.94,9.15,62.97,Low
64.8,6.86,7.32,5223.39,6.48,71.67,Medium
54.26,2.06,5.32,3865.85,2.16,73.68,Low
100.4,7.74,7.53,14915.26,7.19,63.97,High
88.66,2.63,2.38,8750.88,14.3,48.57,Medium
51.5,5.77,7.3,4835.01,7.03,69.31,Medium
90.07,1.8,4.97,12134.73,14.4,33.49,Medium
61.0,2.38,6.18,6598.25,12.68,30.74,Low
102.06,4.43,3.51,4651.53,8.5,34.06,Medium
50.33,2.89,6.79,13380.33,3.35,78.68,Medium
92.28,8.08,6.95,9511.23,12.28,66.31,High
58.83,0.81,2.82,13420.39,8.33,72.31,Medium
68.78,2.4,6.41,11025.08,4.72,57.18,Medium
50.89,3.59,1.07,3659.32,14.48,98.55,Medium
94.22,1.69,2.11,8538.72,8.7,89.78,High
92.83,4.61,3.51,3360.4,7.57,25.03,Medium
60.21,6.18,4.63,11892.76,6.13,93.43,Medium
47.59,6.01,1.72,14529.78,9.69,41.88,Medium
82.61,5.35,3.64,5739.93,9.02,91.86,Medium
78.58,3.7,7.35,7793.94,5.62,89.42,Medium
96.52,8.04,1.05,13242.31,6.88,38.4,High
86.83,2.3,2.31,5497.12,10.9,29.47,Low
71.95,3.31,1.79,10160.92,7.45,67.26,Medium
46.46,0.87,5.01,2500.82,9.63,23.14,Low
54.55,1.91,7.46,7797.95,6.38,97.54,Medium
102.1,6.69,6.75,14214.08,3.64,68.52,High
101.37,1.95,6.81,9052.5,12.02,85.64,High
85.51,4.84,2.17,10315.31,13.87,67.72,Medium
59.94,3.78,1.76,3114.99,12.96,60.35,Medium
98.72,5.65,2.24,13533.96,9.2,90.22,High
77.72,1.5,4.38,2041.9,9.25,86.2,Low
78.93,3.65,1.3,7994.27,3.83,84.18,Medium
67.78,7.34,7.36,12574.14,8.85,54.04,High
76.01,2.48,7.01,4320.67,13.21,52.69,Medium
45.36,6.82,1.05,7885.86,8.04,50.0,Medium
89.7,3.19,3.54,2406.2,9.95,40.29,Low
72.53,3.61,2.93,10241.03,11.45,53.06,Medium
76.36,3.65,4.88,3881.29,4.95,47.55,Low
92.83,7.77,5.61,11242.43,6.98,75.94,High
51.52,4.82,6.5,12032.72,9.4,74.77,Medium
55.45,8.7,1.04,1457.22,2.61,94.07,Medium
50.73,2.74,3.6,9174.53,11.01,94.45,Medium
84.91,4.93,5.98,9002.34,14.21,85.62,High
73.53,2.21,5.6,12078.26,4.65,22.69,Medium
78.19,6.44,5.31,10142.96,5.72,72.4,Medium
50.64,2.85,3.8,10077.96,6.38,36.02,Low
92.9,1.08,1.63,4338.96,12.53,93.2,High
67.59,7.43,2.58,14449.55,7.09,52.32,Medium
61.97,3.96,1.75,1178.55,4.77,95.76,Medium
107.19,7.95,6.69,8665.92,10.57,97.28,High
76.44,2.57,3.38,11656.42,10.38,91.72,Medium
76.33,2.69,3.68,11850.97,3.7,76.09,Low
71.81,3.5,4.75,10542.2,4.32,42.98,Low
88.79,7.48,1.53,13977.8,7.41,48.28,High
62.49,8.55,5.78,13657.92,7.74,35.97,Medium
101.73,2.26,2.42,3820.46,9.47,32.48,Low
52.79,1.17,7.69,7440.71,0.6,88.57,Low
100.12,3.66,3.21,13482.01,13.27,65.96,Medium
76.9,8.87,7.41,4275.97,3.72,66.13,Low
79.17,4.1,7.58,585.18,5.54,88.83,Medium
74.72,1.52,4.63,4803.2,0.62,73.93,Low
82.77,3.27,5.29,3969.54,8.45,38.97,Low
107.3,3.42,2.29,6416.75,6.58,80.18,Medium
100.53,2.88,2.26,2053.97,8.85,38.29,Low
91.85,7.33,4.89,12859.0,3.34,84.0,High
75.74,0.58,3.95,2103.63,13.45,70.45,Low
91.84,7.18,3.1,8475.86,8.73,51.87,Medium
48.9,7.42,4.34,9484.95,7.02,46.77,Medium
68.42,5.24,6.67,5227.69,6.47,48.09,Medium
57.93,5.4,5.54,2700.63,11.81,48.41,Medium
76.69,6.76,7.23,5777.96,4.65,70.54,Medium
101.44,5.94,7.5,6385.07,9.38,52.38,Medium
50.14,3.42,3.19,9829.9,10.8,68.43,Low
62.63,4.28,7.04,5511.16,9.01,97.24,Medium
55.88,7.76,1.88,3595.95,4.15,79.51,Low
58.69,3.87,1.67,14058.23,7.36,24.31,Medium
79.06,8.97,1.73,9309.72,1.72,94.53,High
65.11,2.6,2.99,9434.56,2.4,87.08,Low
47.29,3.53,7.41,12977.19,7.27,89.67,High
80.66,1.65,7.64,8135.38,9.07,56.52,Medium
73.27,5.94,4.74,13642.95,7.48,38.17,Low
73.72,3.61,2.82,4623.24,0.5,85.23,Low
67.35,4.49,1.06,13839.12,14.23,58.17,Medium
94.78,7.28,5.18,11971.83,8.45,35.09,High
73.41,2.62,6.0,9725.26,12.51,37.65,Low
72.45,2.54,6.35,13658.32,12.21,74.77,Medium
87.15,5.02,2.88,2901.21,1.49,30.93,Low
86.4,5.75,2.9,9379.03,3.22,21.55,Low
108.03,0.69,7.81,4303.51,2.31,55.07,Low
60.13,1.78,4.46,5194.5,5.02,83.96,Low
75.14,7.23,3.31,12668.84,14.3,24.48,Medium
49.64,4.5,2.35,12638.94,12.35,86.26,Medium
108.35,6.57,3.69,14627.09,4.08,99.56,High
74.95,7.05,4.65,14733.53,7.36,74.52,Medium
105.85,1.85,6.1,11196.4,8.47,29.77,Medium
86.5,2.19,7.21,12968.5,3.66,29.03,Medium
66.09,1.92,2.93,1882.78,11.94,20.71,Low
82.77,6.37,5.82,2409.38,11.68,39.9,Medium
50.94,5.76,7.52,14954.9,9.56,24.78,Medium
90.59,7.23,1.88,3566.85,14.73,83.08,High
97.36,4.23,2.35,10369.82,5.69,30.78,Low
76.54,4.22,3.06,10485.86,3.25,34.93,Low
66.04,4.48,7.07,9020.33,12.98,32.83,Medium
55.08,3.01,2.84,5569.98,0.51,71.04,Low
92.69,8.0,5.34,5524.72,9.49,45.66,Medium
87.79,5.08,3.71,7908.64,7.71,64.12,Medium
63.4,3.98,3.25,1534.22,10.05,23.5,Low
56.61,0.77,1.75,2955.09,0.96,71.34,Low
87.76,4.97,5.91,3913.48,5.81,68.48,Low
45.85,8.33,5.59,13933.22,12.57,57.44,Medium
68.46,6.82,7.23,12348.2,12.02,24.66,High
62.28,0.85,1.49,4628.18,14.2,96.85,Medium
51.58,2.46,3.7,2977.48,10.02,65.6,Low
81.3,5.24,6.22,11517.62,8.86,73.96,High
102.38,1.92,2.26,6083.2,5.39,32.65,Medium
73.8,3.49,3.21,14872.8,5.21,49.74,Low
98.7,3.25,2.69,8229.83,5.94,64.02,Low
68.4,4.35,7.72,102.91,1.0,42.76,Low
78.64,8.94,3.11,4574.98,3.72,88.46,Medium
95.15,8.52,6.76,13794.77,7.91,65.65,High
55.06,0.82,3.49,2162.28,5.82,66.57,Low
61.66,3.05,4.99,8579.07,3.65,26.18,Low
96.54,1.97,6.78,10374.97,8.86,92.61,High
86.75,0.82,6.66,5785.04,11.81,93.75,High
67.62,7.45,3.92,13030.68,13.11,38.14,High
105.36,5.89,5.43,906.51,8.1,45.55,Medium
54.72,4.77,2.55,852.75,11.11,51.43,Low
93.93,5.39,1.63,6535.84,11.9,31.84,High
50.37,5.36,1.35,6047.95,1.73,60.15,Low
94.53,4.59,2.39,5990.25,8.78,64.89,Medium
61.01,1.11,6.44,4918.83,13.9,27.17,Low
72.53,3.46,3.25,8948.77,0.85,44.39,Low
85.05,8.92,4.1,2272.7,1.15,85.45,Medium
89.55,1.83,6.1,1378.64,11.22,39.44,Medium
105.24,7.88,6.74,304.63,10.56,28.9,High
75.63,3.32,6.18,3256.94,8.42,80.03,Medium
76.4,6.7,1.99,10511.45,0.77,66.64,Medium
47.83,1.95,2.99,11858.91,9.46,24.25,Low
49.33,6.11,5.64,13701.74,5.72,28.63,Medium
101.38,6.02,2.62,5772.45,14.66,27.97,Medium
76.5,5.58,1.62,3063.24,14.52,64.86,Medium
47.58,8.34,3.13,7400.0,11.29,21.47,Medium
68.1,3.07,7.97,14680.96,4.5,24.96,Medium
102.11,8.07,6.7,539.04,8.55,42.42,High
67.22,3.84,1.96,10975.36,8.05,74.24,Medium
72.13,5.37,3.99,4754.5,9.28,55.93,Low
58.44,1.68,4.79,12021.57,13.01,44.72,Medium
104.12,4.16,7.36,11573.74,10.02,65.19,High
65.64,5.24,7.64,1863.97,5.11,90.37,Medium
94.75,7.98,3.9,6227.65,6.92,94.7,High
54.88,2.1,1.92,490.35,14.8,69.36,Medium
81.86,2.46,2.63,10341.93,5.71,75.05,Low
53.72,7.69,4.28,9778.57,3.17,51.0,Low
53.94,2.14,1.23,11491.63,0.72,41.59,Medium
59.47,6.21,2.42,3147.98,3.07,96.38,Low
101.36,4.66,3.27,6917.42,4.08,52.39,Low
84.52,7.51,6.04,5972.85,14.12,65.75,High
79.14,7.94,6.51,7857.67,7.05,86.16,High
102.06,2.59,4.77,14759.08,1.07,50.99,Low
57.34,4.24,7.19,11627.79,4.65,33.32,Medium
84.85,0.96,4.62,2219.37,12.53,56.14,Medium
52.36,7.12,7.56,10472.1,2.46,53.08,Medium
46.62,4.36,7.28,13447.34,13.3,27.21,Medium
89.96,8.21,6.58,10803.78,2.29,29.13,Medium
86.21,1.23,5.95,10930.42,14.64,68.97,Medium
69.61,3.74,6.38,13692.57,8.7,72.76,Medium
55.54,1.73,6.38,864.53,4.97,78.41,Low
63.77,2.04,7.29,14410.46,0.55,81.23,Medium
74.81,7.77,4.8,185.68,13.3,39.03,Medium
87.87,4.36,4.09,9058.13,0.6,90.57,Medium
85.28,5.24,6.78,828.89,2.65,72.26,Medium
54.45,0.78,5.05,9088.95,5.3,27.02,Low
72.1,2.02,5.7,9205.24,10.53,67.6,Medium
56.53,4.37,5.05,13979.05,1.85,43.94,Low
103.34,7.47,6.31,12665.31,1.44,57.67,Medium
90.15,2.83,4.69,7917.23,10.59,68.96,Medium
82.14,8.82,4.7,1406.28,11.0,68.38,Medium
72.76,7.71,2.82,8669.63,9.54,94.17,High
81.57,4.92,5.42,7438.32,3.11,68.75,Low
108.65,0.51,1.17,9419.37,2.21,87.85,High
109.93,4.02,3.34,8450.19,9.74,20.9,Medium
89.85,2.66,1.47,4574.23,8.47,81.36,Medium
89.58,3.4,6.07,9278.3,0.92,34.05,Low
99.2,8.34,4.35,7170.06,1.02,30.86,Medium
85.77,8.08,4.76,5093.13,11.87,53.12,Medium
99.28,3.04,6.07,4800.99,8.27,36.66,Medium
96.97,8.05,3.48,14547.24,4.57,22.49,Medium
85.72,7.66,5.0,5904.54,9.13,89.17,Medium
90.84,3.17,1.22,6266.66,7.71,39.01,Medium
98.91,3.07,4.68,2707.69,5.93,22.99,Low
104.37,4.27,1.17,7291.68,7.75,35.22,Medium
92.61,4.95,6.43,2235.1,13.14,85.77,High
88.99,1.63,6.07,6944.59,10.85,61.79,Low
65.21,0.87,6.94,13090.94,5.33,91.13,Medium
78.84,6.1,3.19,8705.64,5.03,91.37,Medium
58.04,2.94,4.73,11614.53,10.23,41.81,Medium
62.79,0.63,5.36,7759.5,3.5,48.03,Low
62.62,8.52,6.63,8653.84,2.98,44.91,Medium
80.14,0.93,1.2,13559.06,1.23,50.69,Medium
72.72,2.02,5.17,8932.07,12.62,75.95,Medium
68.12,3.32,2.39,11400.2,12.23,26.28,Medium
81.91,1.29,6.62,10509.13,1.91,44.83,Medium
75.59,8.55,2.01,13445.94,4.24,49.08,Medium
90.47,6.15,6.52,13247.82,7.07,22.42,High
52.34,4.57,6.92,4305.63,5.55,65.97,Medium
51.69,7.45,6.58,4955.46,9.92,83.39,High
74.96,5.52,2.67,3731.0,2.81,58.59,Low
67.15,7.42,5.14,11786.28,6.81,82.99,High
90.12,1.97,5.69,11116.57,10.82,86.94,High
83.49,4.43,4.89,12348.14,3.05,96.47,Medium
83.89,6.33,5.17,12316.0,5.25,71.6,Low
50.88,7.44,7.21,13558.51,9.72,20.01,High
87.96,4.35,3.04,9272.03,6.98,36.45,Low
64.48,7.25,5.76,13785.67,14.08,77.42,High
109.37,5.45,5.28,7705.32,12.79,88.2,High
69.0,5.17,1.37,10579.98,12.4,48.74,Medium
101.27,2.5,5.92,5974.6,5.11,50.62,Low
73.29,2.3,2.21,2172.13,8.55,87.47,Low
99.6,1.81,7.98,10083.98,2.45,25.74,Medium
54.36,8.02,5.61,14627.13,2.47,30.98,Medium
100.91,8.1,5.87,13961.63,9.54,56.35,High
80.88,4.33,3.49,2868.29,9.27,66.24,Low
91.29,2.79,7.49,8687.65,0.99,23.03,Medium
90.82,1.46,4.37,10388.41,2.56,78.5,Medium
75.22,1.16,7.23,1417.85,7.35,79.33,Low
89.46,5.08,5.06,9234.28,13.6,62.8,Medium
75.48,4.86,4.28,11033.84,6.6,96.85,Medium
63.8,0.8,7.46,11266.44,11.04,65.1,Medium
85.9,5.41,5.01,9879.17,4.73,78.99,Low
63.64,1.2,4.54,12786.53,4.53,30.6,Low
62.89,2.68,6.19,9096.94,13.7,79.12,Medium
69.03,1.99,6.48,3619.32,3.12,62.19,Low
67.29,1.22,2.02,14015.73,2.74,59.68,Low
95.07,2.52,4.08,9599.86,3.56,78.75,Medium
48.53,2.75,6.74,882.6,7.23,58.1,Low
93.5,6.9,4.73,5759.03,10.73,57.97,Medium
79.48,4.2,3.02,11979.9,6.04,45.26,Medium
89.39,0.85,7.42,9597.62,14.36,54.54,Medium
66.77,2.77,1.69,9849.71,6.17,81.85,Medium
92.73,5.5,2.36,5127.36,10.51,34.39,Medium
45.69,0.57,1.48,6227.61,8.12,74.84,Medium
59.26,2.91,2.35,453.14,1.83,95.08,Low
106.78,5.92,5.96,1887.66,12.92,30.39,High
97.21,2.07,1.78,2845.52,4.77,72.84,Medium
86.52,8.34,2.93,6462.05,13.6,81.59,Medium
61.73,7.14,2.94,1029.57,6.13,99.68,Medium
107.11,2.75,4.08,7426.65,13.96,68.82,Medium
86.96,1.42,4.78,6525.68,9.4,28.5,Low
91.5,1.38,1.51,8613.03,4.13,55.67,Medium
54.68,5.94,7.53,10002.63,4.36,76.0,Medium
82.35,4.88,7.58,7411.12,6.82,87.52,Medium
80.11,0.53,7.68,12287.85,7.49,65.38,Medium
66.67,3.07,1.39,14955.54,9.88,49.23,Medium
50.23,4.41,6.37,9752.11,3.06,23.15,Low
87.95,3.04,3.73,1690.84,10.49,58.92,Low
92.8,1.69,2.35,10824.11,9.1,59.14,Low
96.53,5.97,4.5,14477.81,12.27,97.33,High
47.41,0.98,6.51,737.94,2.21,84.57,Medium
74.79,6.26,7.12,2319.41,8.9,93.99,Medium
92.8,4.66,1.13,13616.97,9.47,39.41,High
45.93,5.88,7.33,12329.01,1.91,68.9,Medium
49.16,7.45,1.8,8965.16,9.43,25.05,Medium
72.7,7.4,7.88,10208.13,5.2,98.07,High
80.48,3.23,7.75,3277.15,1.16,33.88,Low
52.85,1.7,3.91,10474.81,8.52,55.09,Low
47.65,1.35,6.93,9225.38,11.78,21.25,Medium
50.25,0.56,7.48,10630.44,9.11,42.7,Medium
90.0,2.25,5.48,7893.99,6.47,95.05,Medium
89.96,5.57,6.02,9219.54,1.78,86.12,Medium
67.61,0.54,2.65,1850.87,8.19,27.65,Low
101.08,8.89,4.55,7016.82,9.58,36.65,Medium
57.59,7.27,5.8,14531.75,7.38,34.11,Medium
48.51,3.6,2.47,3845.59,9.44,91.21,Low
47.82,6.79,7.47,2720.73,11.89,58.8,Medium
49.61,2.5,4.11,8738.45,6.58,79.77,Low
59.95,1.44,2.59,3633.06,6.48,36.0,Low
49.78,5.47,1.38,6594.39,3.63,68.75,Low
70.18,1.66,6.04,9517.11,14.65,36.18,Medium
47.09,5.33,2.96,1755.53,7.25,53.46,Low
59.29,3.01,2.1,11939.02,14.32,92.45,High
108.06,7.77,1.61,12868.91,7.59,99.65,High
75.78,4.43,1.1,6478.84,13.15,39.83,Medium
82.67,8.08,5.14,2319.65,8.82,20.41,Low
47.6,4.5,6.38,600.95,8.2,58.34,Low
74.41,2.54,4.91,285.1,11.11,95.99,Medium
68.3,2.53,7.99,337.36,10.2,32.94,Medium
100.76,6.85,1.17,6877.13,11.69,89.94,High
57.02,7.91,5.39,10588.14,0.52,70.18,Low
103.07,3.33,1.23,6445.94,4.41,95.69,High
82.39,2.26,5.79,9344.78,5.37,94.58,Medium
106.45,6.23,7.22,1753.4,5.8,69.53,Medium
68.82,6.01,5.93,8455.3,11.72,31.07,Medium
60.51,1.47,4.35,14093.3,8.91,96.73,Medium
93.96,6.97,3.24,13479.2,7.8,53.83,Medium
49.12,3.43,4.4,7947.57,2.28,76.79,Low
103.46,4.34,3.58,10132.27,10.55,98.25,Medium
57.24,8.01,1.61,5921.17,3.09,96.66,Medium
52.11,2.85,5.88,7495.3,13.19,61.66,Low
64.06,8.74,4.79,2067.21,5.53,55.51,Low
63.95,1.04,7.1,3561.69,14.24,71.57,Medium
82.62,6.07,6.51,7343.61,10.15,62.41,High
73.94,3.08,1.92,11861.29,2.99,40.8,Low
69.17,2.95,6.92,2310.24,4.62,96.5,Medium
105.07,6.55,3.0,14600.77,12.67,75.43,High
55.48,1.49,7.96,8660.43,6.89,49.57,Medium
81.56,0.79,3.22,5223.32,5.91,63.19,Low
79.69,1.53,1.17,13972.93,11.64,95.82,High
55.14,8.75,4.82,7660.39,9.89,43.64,Medium
108.02,6.91,7.96,10036.63,12.09,78.28,High
67.01,1.45,4.35,697.21,10.33,29.35,Low
71.11,7.65,4.12,1477.97,1.3,71.31,Low
79.22,7.14,6.37,3016.16,1.71,87.96,Medium
108.43,3.85,4.43,9087.26,7.92,24.48,Medium
70.84,6.59,3.99,5853.08,0.68,47.59,Low
108.54,7.93,1.61,10945.02,6.94,99.41,High
63.76,7.35,7.79,6415.1,13.5,31.17,High
83.87,1.72,3.12,14826.9,8.12,46.83,Medium
94.15,1.25,3.87,13724.72,6.51,64.47,Medium
94.09,1.66,2.3,5788.37,8.53,23.38,Low
99.25,3.08,4.91,7005.43,0.89,20.2,Low
64.51,5.94,5.46,1950.24,10.16,43.02,Low
76.97,6.35,2.71,1878.38,4.52,99.55,Low
83.93,3.57,4.36,6597.42,4.24,74.87,Low
69.26,6.73,1.12,3967.1,8.93,31.69,Medium
102.09,1.65,2.14,4162.79,6.58,92.97,Medium
48.17,2.98,5.47,1244.72,3.31,70.24,Low
83.92,1.92,3.26,4811.54,12.75,83.99,Medium
89.55,6.35,1.67,8742.69,12.44,21.03,High
63.29,7.12,3.88,13821.52,2.86,37.43,Medium
59.37,2.1,7.28,9240.08,12.56,62.05,Medium
91.32,6.47,6.62,6318.46,13.78,29.33,High
105.02,4.58,3.18,5502.27,12.35,91.18,High
79.0,8.75,2.21,4639.8,11.29,29.49,Medium
100.69,1.71,2.59,1967.63,2.39,26.29,Low
50.05,7.08,6.3,733.5,2.06,83.44,Medium
83.56,4.49,7.36,744.89,4.87,20.82,Low
95.85,8.32,2.44,13527.51,3.18,48.12,Medium
54.46,6.84,2.94,8738.3,5.61,88.41,Medium
60.72,5.35,1.69,8714.19,0.7,37.36,Medium
107.68,1.96,6.28,164.5,11.02,93.94,High
100.33,4.54,5.89,2858.37,10.27,28.59,Medium
108.78,4.1,4.6,6172.91,11.54,45.14,Medium
52.17,1.66,6.34,10600.49,8.58,23.25,Low
77.09,3.77,4.2,11069.0,10.46,87.29,Medium
81.0,2.97,6.99,2912.9,1.51,87.28,Medium
106.04,3.62,1.09,10144.97,10.25,51.71,High
87.81,1.22,2.0,6069.3,9.06,28.14,Low
49.21,8.79,3.37,8964.92,14.86,29.82,Medium
92.14,2.87,5.99,8770.59,4.46,83.16,Medium
68.15,6.17,7.65,14814.1,7.92,31.79,Medium
52.02,2.63,4.48,9462.73,2.45,27.97,Low
98.97,4.73,1.19,2768.53,9.27,46.16,Medium
85.43,1.32,1.54,11298.99,11.63,83.42,High
64.08,4.73,4.53,8182.33,12.24,63.24,Low
106.92,0.77,4.01,13732.59,6.06,45.16,Medium
73.77,0.81,2.24,9925.22,11.8,90.78,Medium
76.95,1.64,6.01,7363.08,2.09,74.0,Low
89.55,5.36,4.33,12829.84,7.85,51.31,Medium
83.42,3.71,5.74,11520.41,4.62,24.91,Medium
47.93,7.61,3.44,11156.65,0.89,91.31,Medium
69.74,4.14,7.94,6237.75,1.32,39.54,Low
87.13,5.54,7.37,1075.95,4.92,47.01,Low
80.0,0.82,5.6,6394.85,7.96,53.69,Low
90.24,5.5,7.9,5728.29,6.16,65.8,Medium
51.5,6.24,3.35,7591.25,11.59,47.16,Medium
64.47,8.74,2.41,9568.12,14.62,26.03,Medium
58.92,2.75,3.08,8645.46,12.17,69.97,Low
91.65,5.41,5.14,4173.14,8.71,62.49,Medium
58.63,7.26,5.56,4597.52,12.16,54.63,Medium
65.37,4.02,2.76,7779.0,10.24,63.8,Low
85.81,4.89,2.31,7538.13,10.08,85.91,Medium
62.42,5.92,6.66,12806.34,13.65,94.77,High
78.95,3.6,2.03,2342.04,10.44,44.02,Medium
71.67,7.81,7.38,9545.52,12.77,41.35,High
86.99,2.68,5.21,6147.4,2.15,35.35,Low
96.81,3.14,4.4,14870.27,6.62,92.45,High
55.36,1.66,2.81,12072.72,10.05,34.08,Low
107.65,4.63,1.14,12907.8,1.72,68.13,Medium
103.54,3.96,3.54,9895.72,1.81,95.45,Medium
60.34,5.35,4.5,1897.57,10.13,66.43,Medium
61.37,8.02,2.67,1921.92,12.2,46.34,Medium
92.92,7.35,6.21,14038.95,3.66,28.55,High
108.05,4.24,2.78,8883.27,7.61,49.98,Low
65.57,4.1,5.78,14453.4,13.25,94.96,High
75.89,3.63,3.16,9716.42,13.63,22.78,Low
89.89,7.2,2.68,8335.65,4.98,96.68,Medium
103.71,6.32,4.74,3622.09,6.91,20.63,Medium
105.29,8.3,3.11,14051.2,11.47,43.79,High
104.53,5.87,7.16,11524.44,6.39,22.71,High
98.51,8.49,4.3,6253.12,12.7,77.39,Medium
98.59,6.44,4.54,5342.66,9.23,85.07,Medium
74.46,0.73,1.36,9659.73,9.64,83.28,Medium
45.2,2.2,3.14,8679.56,2.11,39.97,Low
100.05,6.33,6.55,4859.05,7.44,78.81,High
56.28,5.54,3.29,4298.78,1.72,49.41,Low
101.97,8.53,7.19,3444.86,14.25,93.85,High
85.73,8.21,7.82,3054.17,10.67,33.5,High
85.17,5.6,2.04,14374.69,2.97,65.38,Medium
91.71,4.2,7.44,6860.25,10.27,29.48,Medium
57.39,7.83,6.47,4390.63,7.67,30.42,Medium
84.01,8.96,2.98,10190.11,6.57,52.68,Medium
46.87,8.8,2.65,6819.55,4.1,66.63,Low
50.57,4.49,7.1,14618.55,6.26,36.98,Medium
91.05,6.76,2.79,1519.66,1.35,46.63,Medium
75.61,3.51,5.24,10094.79,12.13,76.77,Low
45.35,4.79,3.67,14665.11,10.23,30.58,Medium
47.67,2.02,2.19,7443.31,5.42,57.45,Low
65.63,5.01,1.99,1840.95,1.14,30.23,Low
93.61,8.37,2.98,13166.35,9.39,80.93,High
78.6,4.2,2.15,11079.35,7.62,96.0,High
100.45,6.09,6.59,893.01,2.66,38.39,Medium
75.57,1.89,4.27,1828.76,13.48,59.59,Low
68.17,6.53,4.4,7445.53,12.76,89.35,Medium
67.72,2.23,2.99,12540.81,11.37,85.81,Medium
102.91,5.48,5.08,14577.25,8.13,65.66,Medium
104.83,2.59,4.49,1505.15,5.27,42.74,Low
70.62,5.52,7.66,12570.96,2.73,26.49,Medium
74.51,8.62,5.16,186.5,14.56,72.49,Medium
66.12,6.72,6.14,14365.3,8.75,36.91,Medium
97.1,2.91,6.59,11182.62,8.43,68.18,Medium
70.93,2.01,7.76,12996.18,1.79,88.19,Medium
70.25,3.92,5.53,14321.04,2.73,43.88,Low
92.83,8.33,7.33,9092.35,5.71,27.69,High
78.32,4.66,7.2,7198.95,8.66,53.85,Medium
97.71,5.72,4.04,6447.65,1.09,47.34,Low
88.97,6.0,6.0,13966.95,8.15,71.78,Medium
63.9,4.22,7.35,7216.41,2.65,30.22,Low
99.7,4.95,3.07,811.15,1.61,23.61,Low
78.19,4.01,4.25,10832.62,12.29,48.44,Medium
50.32,4.78,1.8,9957.52,3.1,34.58,Low
47.94,4.04,5.93,4777.8,11.0,80.59,Medium
85.55,2.75,7.77,13083.04,3.21,34.81,Medium
61.86,6.22,4.04,366.94,6.23,21.06,Low
74.91,3.94,5.6,11189.28,11.03,44.22,Medium
68.45,6.23,5.83,5985.46,4.89,30.01,Low
57.4,7.44,5.87,2904.49,0.89,58.49,Low
87.23,4.2,5.38,11871.17,3.27,44.07,Low
54.63,4.09,1.82,13545.99,11.21,55.62,Medium
75.65,7.81,5.1,3099.94,8.76,86.71,Low
66.7,1.37,6.93,6533.64,6.53,59.66,Medium
83.73,5.21,3.04,7363.7,7.55,67.28,Medium
105.79,8.19,7.07,3555.4,1.38,21.52,High
65.53,1.04,7.25,6315.35,7.36,59.58,Low
74.14,4.21,2.13,10920.52,7.3,55.05,Medium
59.28,8.23,3.37,9071.29,12.72,72.56,Medium
102.41,6.65,3.73,6311.23,14.15,72.2,High
96.74,7.3,6.91,9365.45,4.6,79.94,High
53.39,2.2,5.24,1603.47,6.53,99.5,Low
60.26,5.23,7.99,5445.92,4.28,74.15,Medium
98.82,8.1,1.22,1048.62,6.74,69.41,Medium
81.53,4.63,7.96,11794.8,11.66,81.61,High
62.39,1.79,5.83,7779.27,10.21,76.51,Medium
96.93,8.68,6.29,14622.43,11.83,68.77,High
98.53,0.86,1.74,9485.9,13.13,92.88,High
92.34,6.52,6.33,7526.03,13.12,32.34,High
66.75,1.67,6.94,6642.72,6.53,81.52,Medium
99.26,4.53,3.01,2651.8,4.36,77.22,Medium
68.44,6.15,2.06,11327.26,6.61,38.25,Medium
71.87,3.98,4.21,12800.62,12.02,48.94,Low
73.77,7.05,6.02,7808.5,1.51,47.06,Medium
108.83,1.9,1.43,11411.97,10.07,71.32,High
48.76,5.87,5.99,9939.39,8.04,43.66,Medium
102.58,6.46,7.11,10851.11,5.05,47.53,Medium
103.51,5.69,2.03,6118.68,9.84,91.01,High
96.24,6.04,5.88,13326.36,11.83,52.36,High
102.26,1.22,4.76,5910.9,10.92,90.39,High
109.48,2.91,1.65,8321.61,8.06,80.56,High
46.52,8.07,4.78,3954.48,12.57,44.32,Medium
109.15,1.44,1.42,5657.39,9.59,48.36,Medium
94.18,8.5,4.14,8629.29,0.58,47.12,Medium
97.35,8.91,4.96,13425.65,9.6,62.66,High
60.2,3.04,5.67,12244.68,8.81,31.2,Medium
78.78,2.6,3.29,8777.3,12.43,48.9,Low
54.53,4.12,3.88,1474.5,6.66,30.41,Low
74.0,3.64,4.68,8864.77,8.02,51.58,Low
82.98,5.91,7.98,10366.37,14.24,78.54,High
98.55,1.73,1.89,10696.14,2.38,76.36,Medium
52.67,2.31,4.31,11222.79,14.19,49.55,Low
84.1,3.97,1.85,8619.29,1.08,32.26,Low
64.82,3.68,3.06,516.87,2.57,82.7,Low
48.16,8.1,7.22,3312.16,12.38,59.1,Medium
80.59,1.07,1.31,7269.53,4.99,56.19,Low
95.79,4.54,6.04,9125.07,11.55,60.38,High
94.51,6.17,2.04,10945.18,1.8,69.98,Medium
71.63,2.48,3.77,8160.82,14.39,91.2,Medium
86.98,7.86,5.95,8622.72,12.04,76.59,High
86.94,5.97,1.6,14332.01,8.36,80.61,High
78.91,6.88,4.52,378.09,10.04,62.55,Medium
62.87,2.25,6.81,12599.87,8.9,26.77,Medium
84.45,3.92,1.31,12943.42,0.84,54.96,Medium
46.56,4.99,3.67,1456.27,14.71,63.34,Low
54.36,2.67,1.63,4671.23,6.41,33.54,Medium
107.47,2.04,5.99,4540.56,1.93,31.4,Low
61.77,8.5,7.3,872.98,3.97,67.76,Medium
77.04,6.9,3.7,1814.71,1.38,57.19,Low
49.25,0.75,5.43,13714.65,0.77,64.33,Low
88.88,2.59,4.88,11799.69,4.92,52.54,Low
100.01,4.75,6.48,2221.27,8.34,33.46,Medium
79.94,4.1,7.38,6830.96,0.51,57.17,Medium
63.8,8.76,1.0,14009.25,7.49,67.83,High
109.95,7.66,2.49,12626.19,4.58,32.91,High
81.6,3.06,3.77,1932.36,2.52,64.52,Low
102.09,2.29,4.53,12050.64,13.32,95.63,High
108.68,6.52,2.91,9967.93,5.16,36.85,Medium
66.35,8.27,1.94,13841.64,9.33,20.34,Medium
88.73,4.01,7.27,10579.17,11.56,63.05,Medium
80.01,8.09,6.71,6733.13,2.29,97.76,High
98.79,3.54,2.24,11542.69,10.61,20.67,High
69.08,2.14,1.07,11172.85,11.5,74.44,High
57.45,7.44,5.38,12145.38,3.71,98.41,Medium
47.39,4.69,5.93,9129.8,0.6,98.74,Medium
52.21,2.86,4.5,2640.11,3.31,79.11,Low
81.73,1.06,1.9,1069.23,4.26,65.59,Low
102.27,6.7,2.92,12730.24,0.84,97.58,High
84.94,6.29,7.18,129.13,6.69,73.85,Medium
100.5,3.25,6.91,6162.45,2.26,61.46,Medium
68.5,6.95,7.19,3445.77,4.53,53.6,Medium
65.56,3.83,3.34,13213.47,12.21,99.22,Medium
108.58,4.1,1.52,3824.76,2.88,44.86,Low
46.81,4.17,1.17,11978.59,14.06,87.24,High
52.01,2.53,3.39,911.05,5.34,83.53,Low
95.42,5.77,6.35,9417.7,8.89,26.84,Medium
104.59,3.71,7.23,10431.12,11.85,24.96,High
48.56,5.69,4.02,1617.23,1.31,24.18,Low
71.11,5.75,3.88,12982.28,11.92,69.92,Medium
69.95,7.26,7.16,9326.54,5.42,95.01,Medium
74.51,3.29,2.35,1630.08,9.13,25.4,Low
103.78,1.57,4.56,5395.33,7.48,69.67,Low
60.8,7.27,1.42,4743.84,6.82,96.78,High
65.23,8.02,6.43,2296.4,4.98,47.43,Low
108.07,4.9,5.6,2254.55,3.94,85.53,Medium
100.82,4.09,2.37,3085.54,13.67,82.82,Medium
57.31,4.54,5.84,7064.3,10.54,88.16,High
107.6,5.74,3.93,2517.97,7.09,83.14,Medium
77.24,8.32,5.47,10428.99,7.26,37.05,Medium
92.75,8.6,3.32,11127.21,3.48,34.74,Medium
68.58,1.13,1.21,1816.32,4.71,35.55,Low
104.33,3.56,7.83,3066.93,4.62,37.52,Medium
91.72,3.39,4.88,2760.27,0.81,87.43,Low
46.36,6.26,3.65,11832.47,2.11,94.89,Medium
74.65,3.64,3.61,2653.26,8.14,83.92,Low
102.31,7.97,1.46,2252.04,13.9,83.59,High
79.62,6.4,3.23,6500.15,9.72,93.68,Medium
83.18,7.76,3.06,2313.65,4.08,70.36,Low
101.74,7.74,7.78,13298.93,3.53,26.51,High
96.41,5.73,2.17,5882.93,13.3,80.09,High
77.41,4.45,3.25,5670.79,10.57,77.25,Low
75.79,5.44,5.47,11880.3,9.92,36.58,Medium
74.39,2.49,2.53,6432.84,5.97,32.58,Low
61.54,1.22,6.26,4496.22,8.02,38.41,Low
75.24,5.78,3.98,7066.51,6.43,84.36,Low
62.75,0.71,4.09,4057.81,1.6,92.12,Low
99.77,4.86,5.51,11809.51,13.94,27.87,High
68.42,5.14,3.34,10159.1,4.13,79.62,Low
57.39,5.63,1.97,12839.49,10.88,63.45,Medium
45.55,3.05,6.76,11768.61,6.36,52.46,Medium
94.26,0.6,5.58,14840.19,14.3,89.24,High
59.75,6.87,4.32,7785.8,11.9,80.61,Medium
67.14,1.23,6.92,6489.02,14.16,53.42,Medium
74.25,5.25,3.62,8704.88,2.36,95.47,Low
77.49,6.1,3.48,3459.81,6.67,80.21,Medium
64.48,5.49,4.97,579.91,2.52,98.18,Low
81.93,7.29,7.4,8650.79,6.17,50.51,High
49.14,3.78,4.32,4999.74,14.45,71.12,Low
51.06,1.39,4.87,577.68,10.49,59.09,Low
57.93,8.25,3.7,3167.8,4.72,61.95,Low
48.73,4.91,2.2,12909.64,6.46,32.56,Medium
53.39,4.06,6.2,5895.99,13.6,36.52,Low
65.13,7.45,5.65,2465.84,8.84,44.83,Medium
77.66,6.32,2.93,210.91,2.57,25.12,Low
84.32,2.6,3.3,8581.51,7.62,57.02,Low
92.92,2.95,7.17,6898.97,10.65,76.93,High
70.42,7.5,6.95,6284.29,3.1,69.42,Medium
74.76,8.24,2.28,8572.37,6.21,95.65,High
102.56,1.84,7.18,8112.29,10.17,25.34,High
104.07,4.0,6.33,1906.34,5.85,80.43,Medium
94.83,3.27,4.16,3866.22,7.84,56.97,Low
86.53,6.24,4.23,5220.5,6.29,35.55,Low
45.7,1.47,7.42,4973.94,11.36,58.78,Low
50.37,6.08,6.0,6622.08,7.33,42.33,Low
56.09,0.65,1.7,4482.76,8.25,51.27,Low
88.64,0.6,2.91,6665.8,3.08,77.15,Low
59.05,6.42,6.86,12191.53,9.79,77.31,Medium
70.39,3.12,1.37,169.52,11.7,81.37,Medium
69.35,2.53,1.64,6383.07,14.84,46.97,Medium
89.2,1.04,7.71,1539.39,12.61,73.13,Medium
47.86,4.86,6.71,4907.93,9.59,69.97,Medium
70.68,4.14,2.63,1677.69,5.19,21.2,Low
45.78,2.31,2.54,9903.63,4.54,69.91,Low
49.38,2.36,3.11,9023.15,14.75,28.15,Medium
96.43,8.34,4.98,3853.91,1.87,45.95,Medium
89.06,8.77,5.86,5047.49,9.71,90.72,High
108.57,6.16,1.47,362.97,13.73,55.91,High
86.64,2.48,5.11,14826.87,3.87,69.31,Low
65.08,6.77,6.3,9334.52,1.37,49.96,Medium
58.13,3.69,5.49,3647.15,11.02,99.08,Medium
93.05,3.29,2.95,9689.67,11.53,61.67,Medium
87.12,2.95,1.17,12719.33,5.3,39.38,Medium
48.51,8.3,7.92,12041.63,10.6,37.8,High
78.9,2.06,5.41,1062.79,7.63,96.29,Low
86.23,1.7,2.43,1467.21,9.09,86.5,Low
60.36,1.16,6.07,4740.8,10.96,39.59,Low
84.38,3.08,5.03,14519.11,3.42,88.99,Medium
50.2,8.77,3.79,2599.71,6.9,60.42,Low
94.42,7.47,6.55,395.19,6.03,88.32,High
83.69,1.8,6.09,3933.65,7.22,56.29,Low
81.54,4.59,3.33,10751.46,3.34,93.29,Medium
45.83,4.76,6.08,7422.66,13.92,95.22,Medium
69.96,3.12,7.91,1161.39,13.33,99.4,Medium
70.01,5.31,2.36,6600.84,4.2,93.05,Low
78.12,4.65,5.82,10477.19,9.94,94.12,High
60.75,0.79,6.69,9501.2,10.31,75.8,Medium
61.99,4.37,5.77,3888.89,9.23,96.14,Medium
45.8,7.05,5.51,13761.55,6.27,66.89,Medium
78.7,2.1,3.96,12463.27,4.17,44.18,Medium
87.8,3.75,3.16,6232.97,13.21,78.21,Low
52.1,5.37,6.58,12232.0,4.4,36.76,Medium
90.44,0.55,2.18,7426.68,1.9,81.9,Medium
79.12,6.06,6.13,2642.45,5.93,76.32,Medium
76.62,4.77,1.77,8549.67,3.58,36.08,Medium
97.6,2.13,7.88,13087.07,6.89,93.04,High
101.44,1.91,3.05,5728.16,4.51,47.37,Low
60.26,4.62,6.32,241.65,4.36,96.42,Medium
96.3,0.86,2.48,11897.62,5.95,61.61,Medium
105.59,4.52,3.36,6498.86,5.88,91.21,Medium
98.1,8.5,5.66,5738.69,1.33,48.48,Medium
97.41,0.53,7.09,6086.94,12.61,94.0,High
84.12,7.89,2.96,10519.04,12.32,49.47,High
89.6,7.89,4.6,9937.4,0.55,71.05,Medium
46.08,3.56,1.32,12132.61,5.22,55.54,Medium
76.49,6.78,6.56,5290.18,14.12,95.32,High
109.15,7.79,7.34,11040.74,4.76,35.61,High
101.54,7.95,6.49,10778.32,0.96,59.83,Medium
64.59,6.22,4.84,13134.31,2.94,55.7,Low
76.34,5.1,2.7,2639.45,14.19,75.99,Low
73.27,6.58,2.12,13941.61,13.59,81.3,High
91.75,6.16,7.66,10091.96,10.15,93.82,High
50.88,6.38,7.1,13983.52,11.61,68.05,High
69.51,6.6,6.15,5786.59,9.81,64.95,Medium
97.55,2.4,1.81,1406.44,1.79,79.25,Medium
93.4,1.49,3.57,12814.62,14.33,66.15,Medium
65.2,5.52,2.33,5883.37,6.64,81.7,Low
78.78,5.61,2.55,5990.15,8.31,56.85,Low
98.05,3.02,2.53,10231.72,2.64,42.67,Low
83.93,3.13,7.93,1939.61,14.95,76.52,Medium
86.02,2.33,3.04,14500.79,1.35,84.82,Medium
98.81,2.29,6.13,12175.24,10.66,24.21,High
100.69,6.68,3.09,12243.68,13.73,32.74,High
80.62,3.37,5.75,14855.68,11.49,51.29,High
92.24,2.9,7.46,10546.52,8.45,27.79,Medium
93.9,5.43,6.64,12762.16,10.79,56.6,High
82.52,4.26,4.38,13468.55,3.54,84.35,Medium
92.8,0.58,6.08,8677.66,10.34,99.08,High
69.48,8.85,5.76,2606.52,1.32,48.45,Low
56.68,0.95,7.86,9786.46,9.1,97.58,Medium
60.93,1.51,3.78,4610.08,9.14,33.8,Low
95.43,8.92,5.7,1435.21,7.22,85.46,High
62.89,6.05,3.57,1888.01,1.7,59.14,Low
59.62,5.49,7.91,7244.53,10.56,27.56,Medium
56.77,4.62,5.51,6561.48,8.79,27.96,Low
91.39,7.83,4.76,6139.42,10.66,51.5,High
95.93,5.01,1.45,12573.44,8.32,85.51,High
93.98,2.26,5.61,1848.16,13.0,75.62,Medium
81.06,7.3,1.86,2019.36,3.49,32.9,Medium
61.69,6.9,1.59,1958.29,4.83,97.3,Medium
72.5,8.53,1.0,4578.94,14.22,61.56,Medium
87.85,4.28,5.04,10457.01,8.08,98.88,Medium
84.4,4.84,5.82,9972.99,1.15,22.94,Medium
64.48,7.58,7.7,9071.95,3.63,48.73,Medium
92.39,4.09,4.85,3984.05,9.92,33.07,Low
50.41,2.66,3.98,10448.28,8.27,25.64,Low
109.7,6.42,2.35,5644.92,10.03,85.64,High
55.66,7.48,3.21,11837.98,5.99,97.12,Medium
50.04,1.56,1.77,8270.69,1.46,71.21,Low
104.1,7.11,2.02,11991.65,4.47,27.84,High
69.61,1.39,7.48,2718.4,11.06,44.52,Medium
51.21,3.47,5.01,4301.75,4.43,27.93,Low
56.1,8.55,3.73,5243.08,11.25,97.44,High
80.86,8.0,3.82,8925.42,4.26,74.93,Medium
87.74,1.71,4.97,4083.81,13.82,71.14,Low
90.99,2.62,5.26,10631.12,3.16,98.9,Medium
77.64,2.84,3.99,14130.99,13.28,85.12,Medium
86.32,1.24,3.14,11581.62,12.76,70.77,Medium
92.45,8.53,2.16,955.43,11.28,64.33,High
97.54,0.59,7.64,10187.79,14.02,30.91,High
78.48,8.98,7.22,10498.44,6.38,69.3,Medium
91.42,6.47,6.25,3738.97,11.22,96.07,High
89.47,0.86,4.14,2611.13,13.99,81.1,Medium
56.36,3.62,1.93,5364.04,1.24,59.64,Low
69.26,1.46,7.4,3821.5,8.32,81.31,Low
63.85,4.61,2.85,133.29,9.65,51.49,Low
105.39,8.65,4.61,13411.93,14.06,91.4,High
48.74,0.55,4.22,4545.42,2.05,47.98,Low
71.13,0.58,4.02,3043.41,8.17,91.88,Low
53.05,4.64,2.09,9883.84,3.78,51.63,Low
68.69,8.08,4.75,4115.28,14.85,72.5,Medium
55.52,3.51,4.04,5452.63,13.12,35.88,Low
63.52,1.64,3.95,5035.08,0.96,73.3,Low
107.38,8.85,1.83,7387.11,7.69,74.54,High
66.12,7.0,7.17,7577.69,13.89,87.45,High
53.54,8.64,6.55,1979.24,5.49,21.09,Medium
48.38,7.55,4.01,8996.59,0.62,58.42,Low
76.59,6.97,2.73,2372.19,7.91,39.96,Low
101.17,8.95,2.73,12327.08,3.38,76.52,Medium
90.57,4.77,2.27,14889.02,9.07,70.76,High
52.83,3.91,2.92,2963.44,2.62,21.41,Low
50.91,0.93,3.85,4666.04,9.68,38.51,Low
72.69,1.02,3.99,869.67,2.1,49.09,Low
91.25,2.6,7.27,2808.1,0.51,72.83,Medium
58.78,4.51,7.36,1601.35,3.18,95.87,Medium
66.73,1.45,5.68,10276.13,11.67,30.42,Medium
93.18,3.57,6.45,7980.04,5.89,72.02,Medium
82.98,1.24,1.74,9480.42,9.23,23.28,Medium
57.54,4.29,1.69,14133.09,9.48,44.12,Medium
109.33,2.22,6.05,752.79,3.28,64.04,Low
102.95,6.95,6.92,8449.16,5.54,49.28,Medium
104.21,1.08,3.93,13976.85,7.81,21.75,Medium
62.82,8.72,3.03,14341.46,1.38,97.8,Medium
93.15,3.88,5.79,13066.81,14.59,33.24,High
69.97,7.12,3.81,4145.26,3.17,32.8,Low
83.49,0.58,7.5,7740.66,7.81,77.65,Medium
64.72,2.37,5.96,8327.05,2.98,23.65,Low
63.97,5.94,7.59,4238.57,2.43,89.87,Medium
86.76,2.62,6.76,8065.46,0.52,47.8,Medium
108.19,3.26,7.62,13271.4,4.33,30.69,High
64.17,8.87,5.38,255.08,5.65,78.44,Low
56.49,8.76,4.76,14683.56,11.78,82.44,Medium
91.97,6.35,7.62,3934.44,9.58,68.35,Medium
98.1,2.38,2.88,8766.79,12.21,80.23,Medium
73.99,6.7,4.04,2310.18,7.45,59.68,Low
57.03,7.83,2.32,7408.72,11.08,71.81,Low
65.16,8.02,6.72,10341.77,3.22,31.48,Medium
60.94,8.23,7.79,1593.48,8.14,78.14,Medium
84.21,3.71,1.15,12415.78,11.57,71.56,Medium
53.59,7.05,2.87,14085.12,9.19,83.39,Medium
107.25,1.4,6.15,5142.01,10.76,36.19,Medium
94.38,8.09,6.71,4680.04,7.44,39.5,High
89.98,5.83,1.86,12391.38,1.99,43.74,Medium
102.62,4.03,1.01,3442.26,3.79,50.83,Medium
87.6,2.42,7.15,5832.68,13.32,85.82,Medium
76.97,8.92,2.57,14351.35,4.59,26.1,Medium
52.69,8.35,7.44,13444.24,9.27,34.25,High
66.76,2.04,3.98,13407.45,10.46,69.98,Medium
67.65,1.38,7.41,9959.8,14.03,84.86,Medium
96.28,7.82,7.85,11688.98,2.63,31.82,High
91.89,7.18,4.35,1102.97,8.88,96.77,High
54.4,3.25,1.89,11536.28,5.61,59.54,Low
90.07,4.02,6.55,5068.63,12.13,72.32,High
69.91,5.17,4.77,7439.76,8.28,38.41,Low
82.76,4.09,5.05,10433.13,11.35,76.25,Medium
68.51,2.23,6.95,5499.74,7.37,30.69,Low
48.87,3.47,6.94,13014.91,12.38,43.58,Medium
99.29,5.19,7.52,6374.05,3.56,37.97,Medium
52.62,6.41,2.0,11022.91,10.59,53.98,Medium
90.59,6.13,1.52,12577.81,13.12,22.41,High
54.18,2.58,1.09,12482.91,6.54,81.23,Medium
93.33,6.86,5.89,4562.66,6.47,46.99,Medium
63.64,1.83,7.17,578.57,11.39,60.26,Low
70.77,4.1,7.64,6869.02,10.82,40.64,Medium
77.62,6.53,3.97,2436.33,14.61,61.72,Medium
93.3,3.9,1.39,5945.14,12.43,98.08,High
99.71,7.44,4.28,4766.53,9.81,86.18,Medium
48.55,3.66,3.97,4121.8,2.01,49.02,Low
46.82,2.9,4.79,1073.26,9.16,80.52,Low
57.2,2.21,7.5,3680.99,1.73,65.61,Low
81.64,7.22,1.32,4787.25,14.18,20.68,High
93.86,8.65,4.5,4785.64,6.16,48.47,Medium
90.67,1.33,3.85,11147.62,1.96,84.6,Medium
46.54,7.27,4.34,13045.3,1.04,32.9,Medium
50.12,5.82,7.67,3550.39,3.63,74.52,Medium
94.97,1.87,7.75,7792.88,11.07,72.11,High
74.09,1.62,3.04,9389.71,14.13,23.2,Low
60.54,8.97,5.25,14374.43,8.72,99.55,Medium
97.31,1.71,7.09,8252.33,14.55,82.52,High
77.43,4.37,2.19,4504.56,1.49,66.12,Low
50.8,2.02,6.4,3943.37,7.36,40.48,Low
87.27,1.69,1.87,8574.13,1.07,88.72,Medium
71.59,5.77,5.76,6668.33,7.93,69.97,Low
69.29,6.3,4.54,4016.13,13.2,74.6,Medium
108.53,0.98,6.53,10526.2,8.63,32.36,Medium
63.89,1.84,3.79,1187.38,6.13,56.98,Low
67.68,4.48,4.75,12292.52,2.08,34.42,Low
104.63,8.34,6.38,3072.12,5.27,45.38,Medium
76.61,6.47,4.33,4247.79,1.06,32.46,Low
54.46,2.31,4.98,14818.38,11.73,24.99,Medium
96.32,8.82,2.49,3251.24,0.83,80.69,Medium
62.54,5.9,1.59,1131.96,6.37,43.87,Medium
101.63,4.96,5.69,3965.76,12.54,27.4,Medium
67.23,6.9,2.15,5304.22,6.58,58.04,Medium
107.76,4.21,7.39,8597.72,12.43,64.87,High
57.91,6.64,5.05,2254.8,10.13,85.88,Medium
45.92,8.12,7.54,7541.74,5.09,83.36,Medium
62.08,6.64,7.92,14155.52,12.93,70.74,High
51.33,2.36,7.85,6360.62,8.42,33.29,Low
59.05,2.28,2.34,10226.46,14.35,49.62,Low
46.05,8.12,4.51,13029.6,10.64,71.91,Medium
71.91,3.49,6.8,6445.15,14.62,46.87,Medium
74.82,3.67,4.87,2523.59,6.82,42.8,Low
86.22,6.47,7.57,13597.65,1.94,27.01,Medium
50.83,0.64,7.53,1644.76,11.37,69.91,Medium
51.48,4.27,5.07,586.27,4.7,53.65,Low
95.5,5.19,1.8,12859.51,14.28,48.05,High
71.84,7.47,5.93,11143.18,0.61,49.97,Medium
77.99,2.77,5.61,4680.21,13.59,92.75,Medium
45.27,8.23,1.23,491.08,11.96,87.26,High
98.3,5.6,3.35,14391.49,14.9,39.35,High
57.52,5.98,6.8,12039.84,8.88,30.31,Medium
108.53,1.98,7.33,7807.43,6.84,27.97,Medium
77.78,5.87,6.49,12661.16,9.6,40.82,Medium
55.34,3.24,1.65,482.04,0.67,81.6,Low
46.81,6.51,7.44,1273.71,6.04,79.39,Medium
108.92,5.89,6.44,2879.67,9.96,37.74,Medium
79.8,2.58,6.46,11812.12,11.67,72.74,High
50.39,1.72,1.16,14773.49,13.07,28.87,High
52.97,1.71,2.83,2791.35,1.62,87.57,Low
70.4,4.67,1.15,1196.28,14.41,26.11,Medium
69.39,3.17,7.36,12147.38,3.11,20.81,Medium
87.88,5.87,6.98,1846.39,5.47,47.74,Medium
84.0,0.54,4.65,3892.07,2.26,68.49,Low
46.5,4.85,2.07,13016.43,2.16,37.36,Medium
54.01,1.21,5.84,1986.05,4.47,35.94,Low
67.66,5.19,3.06,11203.4,7.69,61.01,Medium
104.95,2.63,2.39,12705.93,10.9,96.95,High
82.94,7.01,3.18,11932.08,14.33,59.03,High
72.54,6.85,6.71,9381.37,9.31,54.35,High
67.94,8.13,6.74,6796.11,13.4,96.65,High
83.15,2.99,6.79,9711.96,14.49,48.18,Medium
52.45,7.38,4.01,2870.13,4.06,37.21,Low
69.18,7.13,1.86,4846.98,0.66,46.31,Low
81.89,3.23,2.63,1086.9,4.61,36.97,Low
51.69,2.86,5.26,13262.07,12.97,25.99,Medium
89.34,4.2,6.69,3052.44,1.22,59.51,Low
109.37,4.08,1.87,2649.98,5.24,50.63,Medium
46.38,0.65,6.48,8678.81,0.57,56.94,Low
99.71,3.92,7.27,13778.71,1.07,71.58,Medium
75.54,7.55,3.91,4584.87,5.1,47.67,Low
81.17,3.16,5.29,5960.58,10.6,56.37,Low
99.8,8.47,1.72,3437.81,12.47,31.1,High
100.99,6.66,2.58,1411.45,11.0,84.98,High
109.32,8.44,7.08,3969.35,11.88,28.86,High
49.88,3.3,5.29,12206.03,4.41,33.63,Low
82.92,1.52,3.24,2305.22,8.97,88.01,Medium
86.4,6.18,4.65,3683.8,7.43,59.21,Low
65.92,6.71,2.58,4030.8,4.8,26.62,Low
99.31,2.56,5.53,12852.37,10.58,26.01,High
48.92,0.61,2.51,12295.82,3.22,28.36,Low
97.91,6.97,4.6,4769.05,14.19,76.68,High
100.11,1.4,1.91,13758.79,6.09,56.19,High
78.38,7.13,2.32,4239.79,2.88,44.57,Medium
87.14,1.75,7.13,11200.89,3.99,91.53,High
62.34,4.55,4.72,5344.16,2.22,64.02,Low
73.05,1.78,4.52,7668.11,1.27,41.81,Low
48.19,3.75,7.5,2989.58,3.25,34.13,Low
79.42,4.7,4.03,10249.29,9.87,96.72,Medium
52.49,8.11,5.03,3657.63,8.22,42.04,Medium
90.47,3.94,3.75,3376.34,12.45,75.33,Medium
58.37,7.18,3.43,4391.09,9.15,78.71,Low
57.03,8.22,5.35,11112.45,12.86,75.03,High
65.48,1.09,2.31,13508.05,2.56,21.02,Low
72.81,0.68,7.82,13230.74,2.98,80.82,Medium
83.61,8.74,5.08,7375.78,4.09,28.75,Low
81.87,8.92,6.85,7926.51,2.93,31.73,Medium
51.5,7.33,3.35,7410.86,5.59,63.66,Low
61.48,4.4,6.79,4586.9,5.34,61.43,Low
76.48,2.79,4.64,9633.02,2.64,52.83,Low
87.86,1.7,4.48,3741.08,11.24,97.86,Medium
58.41,1.26,7.44,5728.9,2.07,41.91,Low
103.45,4.32,7.71,7950.91,4.35,74.33,Medium
70.42,4.05,7.96,4708.92,1.1,61.61,Low
99.22,1.55,6.57,8543.27,11.99,47.76,Medium
108.02,4.74,5.8,7048.13,2.68,97.33,High
81.28,1.88,4.41,1062.79,4.77,56.31,Low
63.4,5.54,1.37,4656.74,6.74,72.82,Medium
48.24,1.67,7.15,11800.42,7.78,96.68,High
55.08,1.23,2.89,14939.12,3.35,66.82,Low
63.9,0.77,7.53,3806.05,10.34,50.9,Medium
107.85,1.33,2.83,4600.14,5.01,65.11,Low
97.28,1.68,6.37,3825.3,6.54,35.96,Medium
50.56,5.32,5.4,8232.88,5.95,90.07,Medium
51.24,4.98,5.86,7606.85,10.43,48.6,Medium
72.8,4.07,3.87,512.33,8.6,96.6,Low
50.75,1.69,7.35,11820.82,8.91,49.85,Medium
80.31,5.31,3.05,11354.49,6.19,52.24,Medium
75.08,6.99,4.63,12604.05,1.73,41.61,Low
66.68,1.33,3.03,7273.87,5.3,24.87,Low
88.84,6.78,1.37,3155.46,2.59,79.23,Medium
53.87,8.11,5.48,2406.15,9.61,77.53,Low
97.37,5.8,2.4,1100.42,2.72,90.39,Medium
51.3,2.24,4.32,12507.62,6.94,24.45,Low
64.5,4.61,2.29,3600.43,12.79,40.82,Medium
89.29,7.8,5.32,6542.07,9.72,34.78,Medium
56.1,6.8,4.83,7194.76,4.71,73.4,Medium
77.04,6.18,3.74,10495.03,2.06,53.35,Low
54.63,2.91,1.84,5902.5,8.92,22.73,Low
73.89,8.22,3.48,2175.62,13.3,56.67,Low
108.81,3.54,6.99,7597.76,5.56,76.5,Medium
78.35,1.98,2.06,9873.41,8.67,56.76,Medium
63.09,6.98,3.12,5969.54,13.78,71.61,Medium
107.57,5.65,2.26,10656.65,7.85,72.71,High
53.41,3.25,7.69,5286.62,9.45,52.3,Low
46.92,6.73,2.62,10012.39,7.74,74.35,Medium
94.39,8.84,6.66,11016.44,3.93,91.98,High
92.33,3.76,7.81,13843.4,1.4,40.04,Medium
100.04,1.12,6.34,9137.35,12.69,93.88,High
52.0,4.32,1.93,9597.2,8.57,35.66,Low
73.44,2.93,2.41,2515.13,12.3,84.69,Low
50.59,0.71,7.72,1533.47,0.98,31.25,Low
68.37,3.97,4.83,1172.28,3.19,78.4,Low
77.25,7.58,4.99,7158.62,5.61,69.48,Low
100.47,7.31,4.07,9419.51,13.17,65.53,High
95.86,3.03,1.83,3535.55,9.22,46.47,Medium
98.39,2.96,6.8,5917.35,5.69,89.8,Medium
107.93,1.14,5.03,12812.61,14.01,60.0,Medium
85.21,5.14,7.24,8783.31,14.09,98.79,High
47.1,4.08,2.4,13331.62,1.36,36.34,Low
105.07,6.14,7.15,3610.7,1.56,95.84,High
90.7,7.01,1.25,14717.74,14.27,67.85,High
105.41,8.04,4.35,2029.02,10.99,28.32,Medium
77.99,6.03,4.02,4620.93,12.82,97.72,Medium
105.53,0.72,6.47,3023.0,9.32,50.35,Low
80.91,0.94,6.36,10462.06,6.73,54.15,Medium
52.51,1.5,5.31,13562.91,5.6,47.45,Low
60.48,1.28,1.07,6254.68,11.41,84.62,Medium
81.92,8.92,1.1,10825.42,12.28,26.13,High
73.51,2.9,3.2,9076.0,13.41,99.85,Medium
84.4,4.57,1.86,1244.38,4.13,63.49,Low
90.84,7.41,7.28,12895.53,6.93,44.22,High
95.71,2.99,5.58,7949.98,4.38,75.82,Medium
51.78,3.45,3.88,14263.4,7.55,26.28,Low
99.69,4.93,3.13,8339.19,2.28,77.99,Medium
47.33,2.5,4.08,11486.46,14.32,21.7,Low
62.57,5.5,3.1,14479.94,1.37,88.37,Medium
77.2,7.83,3.69,761.79,3.48,34.75,Low
79.61,6.11,1.22,11468.65,14.09,92.8,High
104.98,8.21,6.67,8905.28,11.48,47.28,High
73.21,4.13,6.1,11057.68,1.33,28.74,Low
106.91,8.43,3.01,14864.28,8.25,53.91,High
94.99,2.71,7.72,7063.25,14.89,39.06,Medium
63.25,6.3,2.92,14982.21,11.68,43.67,Medium
70.65,5.73,3.53,9922.53,11.85,84.82,Medium
45.8,3.11,5.63,12556.4,12.79,55.5,Medium
73.59,4.46,7.76,7255.1,12.74,37.43,Low
82.67,1.18,7.28,8316.57,14.32,55.24,Medium
94.79,2.85,7.08,1995.61,9.64,31.75,Medium
